session_key,try_seq,terminal_key,merchant_key,category_id,category_title,amount,adjusted_fee,session_status,try_status,switch_response_code,psp_code,issuer_bank_code,payer_card_key,verify_type,init_time_ms,verify_time_ms,created_at,try_created_at,verified_at,settled_at,expire_in
1371823,1,T318,M145,48160002,ارائه دهنده خدمات اینترنت,6390000,56720,Failed,Failed,,PSP-05,,,Automated,86,,2026-01-02 11:52:56,2026-01-02 11:52:56,,,2026-01-02 12:22:56
1303374,1,T318,M145,48160002,ارائه دهنده خدمات اینترنت,6390000,56720,Failed,InBank,,PSP-05,,,Automated,175,,2026-01-02 14:25:23,2026-01-02 14:25:24,,,2026-01-02 14:55:23
23960,1,T318,M145,48160002,ارائه دهنده خدمات اینترنت,3690000,35120,Failed,InBank,PSP-05:55,PSP-05,,,Automated,201,,2026-01-02 21:54:18,2026-01-02 21:54:18,,,2026-01-02 22:24:18
1648036,1,T318,M145,48160002,ارائه دهنده خدمات اینترنت,3799000,35992,Verified,Verified,,PSP-05,BANK-31,CARD-181237,Automated,82,79,2026-01-03 10:58:55,2026-01-03 10:58:55,2026-01-03 11:00:37,2026-01-03 11:00:35,2026-01-03 11:28:55
1992156,0,T318,M145,48160002,ارائه دهنده خدمات اینترنت,12490000,105520,Failed,NoAttempt,,,,,Automated,,,2026-01-24 01:26:14,,,,2026-01-24 01:56:14
1650970,0,T318,M145,48160002,ارائه دهنده خدمات اینترنت,12490000,105520,Failed,NoAttempt,,,,,Automated,,,2026-01-24 01:28:33,,,,2026-01-24 01:58:33
778835,8,T318,M145,48160002,ارائه دهنده خدمات اینترنت,12490000,105520,Failed,InBank,,PSP-02,,,Automated,,,2026-01-24 01:28:43,2026-01-24 01:30:55,,,2026-01-24 01:58:43
778835,7,T318,M145,48160002,ارائه دهنده خدمات اینترنت,12490000,105520,Failed,InBank,,PSP-04,,,Automated,,,2026-01-24 01:28:43,2026-01-24 01:30:44,,,2026-01-24 01:58:43
778835,6,T318,M145,48160002,ارائه دهنده خدمات اینترنت,12490000,105520,Failed,InBank,,PSP-03,,,Automated,,,2026-01-24 01:28:43,2026-01-24 01:30:33,,,2026-01-24 01:58:43
778835,5,T318,M145,48160002,ارائه دهنده خدمات اینترنت,12490000,105520,Failed,InBank,,PSP-05,,,Automated,,,2026-01-24 01:28:43,2026-01-24 01:29:57,,,2026-01-24 01:58:43
778835,4,T318,M145,48160002,ارائه دهنده خدمات اینترنت,12490000,105520,Failed,InBank,,PSP-02,,,Automated,,,2026-01-24 01:28:43,2026-01-24 01:29:57,,,2026-01-24 01:58:43
778835,3,T318,M145,48160002,ارائه دهنده خدمات اینترنت,12490000,105520,Failed,InBank,,PSP-04,,,Automated,,,2026-01-24 01:28:43,2026-01-24 01:29:46,,,2026-01-24 01:58:43
778835,2,T318,M145,48160002,ارائه دهنده خدمات اینترنت,12490000,105520,Failed,InBank,,PSP-03,,,Automated,,,2026-01-24 01:28:43,2026-01-24 01:29:35,,,2026-01-24 01:58:43
778835,1,T318,M145,48160002,ارائه دهنده خدمات اینترنت,12490000,105520,Failed,InBank,,PSP-05,,,Automated,,,2026-01-24 01:28:43,2026-01-24 01:28:57,,,2026-01-24 01:58:43
265820,0,T318,M145,48160002,ارائه دهنده خدمات اینترنت,12490000,105520,Failed,NoAttempt,,,,,Automated,,,2026-01-24 01:30:41,,,,2026-01-24 02:00:41
1695424,22,T318,M145,48160002,ارائه دهنده خدمات اینترنت,12490000,105520,Failed,InBank,,PSP-03,,,Automated,,,2026-01-24 01:31:44,2026-01-24 01:35:53,,,2026-01-24 02:01:44
1695424,21,T318,M145,48160002,ارائه دهنده خدمات اینترنت,12490000,105520,Failed,InBank,,PSP-05,,,Automated,,,2026-01-24 01:31:44,2026-01-24 01:35:29,,,2026-01-24 02:01:44
1695424,20,T318,M145,48160002,ارائه دهنده خدمات اینترنت,12490000,105520,Failed,InBank,,PSP-02,,,Automated,,,2026-01-24 01:31:44,2026-01-24 01:35:27,,,2026-01-24 02:01:44
1695424,19,T318,M145,48160002,ارائه دهنده خدمات اینترنت,12490000,105520,Failed,InBank,,PSP-04,,,Automated,,,2026-01-24 01:31:44,2026-01-24 01:35:18,,,2026-01-24 02:01:44
1695424,18,T318,M145,48160002,ارائه دهنده خدمات اینترنت,12490000,105520,Failed,InBank,,PSP-03,,,Automated,,,2026-01-24 01:31:44,2026-01-24 01:35:06,,,2026-01-24 02:01:44
1695424,17,T318,M145,48160002,ارائه دهنده خدمات اینترنت,12490000,105520,Failed,InBank,,PSP-05,,,Automated,,,2026-01-24 01:31:44,2026-01-24 01:35:02,,,2026-01-24 02:01:44
1695424,16,T318,M145,48160002,ارائه دهنده خدمات اینترنت,12490000,105520,Failed,InBank,,PSP-02,,,Automated,,,2026-01-24 01:31:44,2026-01-24 01:35:00,,,2026-01-24 02:01:44
1695424,15,T318,M145,48160002,ارائه دهنده خدمات اینترنت,12490000,105520,Failed,InBank,,PSP-04,,,Automated,,,2026-01-24 01:31:44,2026-01-24 01:34:55,,,2026-01-24 02:01:44
1695424,14,T318,M145,48160002,ارائه دهنده خدمات اینترنت,12490000,105520,Failed,InBank,,PSP-03,,,Automated,,,2026-01-24 01:31:44,2026-01-24 01:34:44,,,2026-01-24 02:01:44
1695424,13,T318,M145,48160002,ارائه دهنده خدمات اینترنت,12490000,105520,Failed,InBank,,PSP-05,,,Automated,,,2026-01-24 01:31:44,2026-01-24 01:34:25,,,2026-01-24 02:01:44
1695424,12,T318,M145,48160002,ارائه دهنده خدمات اینترنت,12490000,105520,Failed,InBank,,PSP-02,,,Automated,,,2026-01-24 01:31:44,2026-01-24 01:34:22,,,2026-01-24 02:01:44
1695424,11,T318,M145,48160002,ارائه دهنده خدمات اینترنت,12490000,105520,Failed,InBank,,PSP-04,,,Automated,,,2026-01-24 01:31:44,2026-01-24 01:34:14,,,2026-01-24 02:01:44
1695424,10,T318,M145,48160002,ارائه دهنده خدمات اینترنت,12490000,105520,Failed,InBank,,PSP-03,,,Automated,,,2026-01-24 01:31:44,2026-01-24 01:34:04,,,2026-01-24 02:01:44
1695424,9,T318,M145,48160002,ارائه دهنده خدمات اینترنت,12490000,105520,Failed,InBank,,PSP-05,,,Automated,,,2026-01-24 01:31:44,2026-01-24 01:33:46,,,2026-01-24 02:01:44
1695424,8,T318,M145,48160002,ارائه دهنده خدمات اینترنت,12490000,105520,Failed,InBank,,PSP-02,,,Automated,,,2026-01-24 01:31:44,2026-01-24 01:33:39,,,2026-01-24 02:01:44
1695424,7,T318,M145,48160002,ارائه دهنده خدمات اینترنت,12490000,105520,Failed,InBank,,PSP-04,,,Automated,,,2026-01-24 01:31:44,2026-01-24 01:33:35,,,2026-01-24 02:01:44
1695424,6,T318,M145,48160002,ارائه دهنده خدمات اینترنت,12490000,105520,Failed,InBank,,PSP-03,,,Automated,,,2026-01-24 01:31:44,2026-01-24 01:33:28,,,2026-01-24 02:01:44
1695424,5,T318,M145,48160002,ارائه دهنده خدمات اینترنت,12490000,105520,Failed,InBank,,PSP-05,,,Automated,,,2026-01-24 01:31:44,2026-01-24 01:32:52,,,2026-01-24 02:01:44
1695424,4,T318,M145,48160002,ارائه دهنده خدمات اینترنت,12490000,105520,Failed,InBank,,PSP-02,,,Automated,,,2026-01-24 01:31:44,2026-01-24 01:32:43,,,2026-01-24 02:01:44
1695424,3,T318,M145,48160002,ارائه دهنده خدمات اینترنت,12490000,105520,Failed,InBank,,PSP-04,,,Automated,,,2026-01-24 01:31:44,2026-01-24 01:32:32,,,2026-01-24 02:01:44
1695424,2,T318,M145,48160002,ارائه دهنده خدمات اینترنت,12490000,105520,Failed,InBank,,PSP-03,,,Automated,,,2026-01-24 01:31:44,2026-01-24 01:32:21,,,2026-01-24 02:01:44
1695424,1,T318,M145,48160002,ارائه دهنده خدمات اینترنت,12490000,105520,Failed,InBank,,PSP-05,,,Automated,,,2026-01-24 01:31:44,2026-01-24 01:31:44,,,2026-01-24 02:01:44
1163315,0,T318,M145,48160002,ارائه دهنده خدمات اینترنت,12490000,105520,Failed,NoAttempt,,,,,Automated,,,2026-01-24 01:34:41,,,,2026-01-24 02:04:41
204568,8,T318,M145,48160002,ارائه دهنده خدمات اینترنت,1390000,16720,Failed,InBank,,PSP-02,,,Automated,,,2026-01-24 02:28:28,2026-01-24 02:30:19,,,2026-01-24 02:58:28
204568,7,T318,M145,48160002,ارائه دهنده خدمات اینترنت,1390000,16720,Failed,InBank,,PSP-04,,,Automated,,,2026-01-24 02:28:28,2026-01-24 02:30:08,,,2026-01-24 02:58:28
204568,6,T318,M145,48160002,ارائه دهنده خدمات اینترنت,1390000,16720,Failed,InBank,,PSP-03,,,Automated,,,2026-01-24 02:28:28,2026-01-24 02:29:57,,,2026-01-24 02:58:28
204568,4,T318,M145,48160002,ارائه دهنده خدمات اینترنت,1390000,16720,Failed,InBank,,PSP-05,,,Automated,,,2026-01-24 02:28:28,2026-01-24 02:29:30,,,2026-01-24 02:58:28
204568,5,T318,M145,48160002,ارائه دهنده خدمات اینترنت,1390000,16720,Failed,InBank,,PSP-02,,,Automated,,,2026-01-24 02:28:28,2026-01-24 02:29:31,,,2026-01-24 02:58:28
204568,3,T318,M145,48160002,ارائه دهنده خدمات اینترنت,1390000,16720,Failed,InBank,,PSP-04,,,Automated,,,2026-01-24 02:28:28,2026-01-24 02:29:19,,,2026-01-24 02:58:28
204568,2,T318,M145,48160002,ارائه دهنده خدمات اینترنت,1390000,16720,Failed,InBank,,PSP-03,,,Automated,,,2026-01-24 02:28:28,2026-01-24 02:29:08,,,2026-01-24 02:58:28
204568,1,T318,M145,48160002,ارائه دهنده خدمات اینترنت,1390000,16720,Failed,InBank,,PSP-05,,,Automated,,,2026-01-24 02:28:28,2026-01-24 02:28:32,,,2026-01-24 02:58:28
1982095,1,T318,M145,48160002,ارائه دهنده خدمات اینترنت,12490000,105520,Failed,InBank,,PSP-05,,,Automated,100,,2026-01-24 10:11:13,2026-01-24 10:11:13,,,2026-01-24 10:41:13
1685285,1,T318,M145,48160002,ارائه دهنده خدمات اینترنت,12490000,105520,Failed,InBank,,PSP-05,,,Automated,92,,2026-01-24 10:11:19,2026-01-24 10:11:18,,,2026-01-24 10:41:19
372047,1,T318,M145,48160002,ارائه دهنده خدمات اینترنت,9890000,84720,Verified,Verified,,PSP-05,BANK-17,CARD-145374,Automated,100,159,2026-01-24 12:06:10,2026-01-24 12:06:14,2026-01-24 12:07:02,2026-01-24 12:07:00,2026-01-24 12:36:10
1739273,1,T318,M145,48160002,ارائه دهنده خدمات اینترنت,6790000,59920,Failed,InBank,,PSP-05,,,Automated,136,,2026-01-25 10:58:29,2026-01-25 10:58:34,,,2026-01-25 11:28:29
1263020,0,T318,M145,48160002,ارائه دهنده خدمات اینترنت,6790000,59920,Failed,NoAttempt,,,,,Automated,,,2026-01-25 11:03:41,,,,2026-01-25 11:33:41
1148735,0,T318,M145,48160002,ارائه دهنده خدمات اینترنت,6790000,59920,Failed,NoAttempt,,,,,Automated,,,2026-01-25 11:06:09,,,,2026-01-25 11:36:09
1378736,0,T318,M145,48160002,ارائه دهنده خدمات اینترنت,6790000,59920,Failed,NoAttempt,,,,,Automated,,,2026-01-25 11:11:42,,,,2026-01-25 11:41:42
645337,1,T318,M145,48160002,ارائه دهنده خدمات اینترنت,6790000,59920,Verified,Verified,,PSP-05,BANK-27,CARD-188168,Automated,213,139,2026-01-25 12:09:27,2026-01-25 12:09:28,2026-01-25 12:10:17,2026-01-25 12:10:16,2026-01-25 12:39:27
268443,2,T318,M145,48160002,ارائه دهنده خدمات اینترنت,30001,5840,Failed,InBank,PSP-03:56,PSP-03,,,Automated,196,,2026-01-31 15:37:06,2026-01-31 15:37:10,,,2026-01-31 16:07:06
268443,1,T318,M145,48160002,ارائه دهنده خدمات اینترنت,30001,5840,Failed,InBank,,PSP-05,,,Automated,105,,2026-01-31 15:37:06,2026-01-31 15:37:06,,,2026-01-31 16:07:06
1752063,1,T342,M187,82410000,مراکز آموزشی مجازی,5900000,52800,Failed,InBank,,PSP-03,,,Automated,186,,2026-01-08 20:03:18,2026-01-08 20:03:20,,,2026-01-08 20:33:18
1592163,1,T342,M187,82410000,مراکز آموزشی مجازی,5900000,52800,Verified,Verified,,PSP-03,BANK-27,CARD-148656,Automated,113,83,2026-01-08 20:12:22,2026-01-08 20:12:23,2026-01-08 20:13:16,2026-01-08 20:13:13,2026-01-08 20:42:22
1018016,1,T78,M215,56610001,کیف و کفش فروشی,11880000,100640,Failed,Failed,,PSP-01,,,Automated,153,,2026-01-01 13:54:19,2026-01-01 13:54:20,,,2026-01-01 14:24:19
561496,1,T78,M215,56610001,کیف و کفش فروشی,11880000,100640,Verified,Verified,,PSP-01,BANK-08,CARD-192289,Automated,96,102,2026-01-01 14:11:57,2026-01-01 14:11:57,2026-01-01 14:12:29,2026-01-01 14:12:27,2026-01-01 14:41:57
1918454,0,T78,M215,56610001,کیف و کفش فروشی,158000000,197600,Failed,NoAttempt,,,,,Automated,,,2026-01-01 16:14:42,,,,2026-01-01 16:44:41
768933,1,T78,M215,56610001,کیف و کفش فروشی,114611520,197600,Verified,Verified,,PSP-01,BANK-31,CARD-91916,Automated,82,182,2026-01-01 16:16:15,2026-01-01 16:16:32,2026-01-01 16:17:36,2026-01-01 16:17:05,2026-01-01 16:46:15
358193,0,T78,M215,56610001,کیف و کفش فروشی,198000000,197600,Failed,NoAttempt,,,,,Automated,,,2026-01-01 18:34:06,,,,2026-01-01 19:04:07
18932,0,T78,M215,56610001,کیف و کفش فروشی,198000000,197600,Failed,NoAttempt,,,,,Automated,,,2026-01-01 18:35:06,,,,2026-01-01 19:05:06
1881725,0,T78,M215,56610001,کیف و کفش فروشی,198000000,197600,Failed,NoAttempt,,,,,Automated,,,2026-01-01 18:39:20,,,,2026-01-01 19:09:20
334816,0,T78,M215,56610001,کیف و کفش فروشی,198000000,197600,Failed,NoAttempt,,,,,Automated,,,2026-01-01 20:19:32,,,,2026-01-01 20:49:32
1136834,1,T78,M215,56610001,کیف و کفش فروشی,318000000,197600,Failed,InBank,,PSP-01,,,Automated,81,,2026-01-01 20:20:37,2026-01-01 20:20:56,,,2026-01-01 20:50:37
255063,0,T78,M215,56610001,کیف و کفش فروشی,198000000,197600,Failed,NoAttempt,,,,,Automated,,,2026-01-01 20:21:56,,,,2026-01-01 20:51:56
1581580,1,T78,M215,56610001,کیف و کفش فروشی,158000000,197600,Verified,Verified,,PSP-01,BANK-14,CARD-98173,Automated,185,202,2026-01-01 22:49:36,2026-01-01 22:49:37,2026-01-01 22:50:09,2026-01-01 22:50:06,2026-01-01 23:19:36
1531341,1,T78,M215,56610001,کیف و کفش فروشی,318000000,197600,Verified,Verified,,PSP-01,BANK-31,CARD-90008,Automated,109,145,2026-01-02 17:03:37,2026-01-02 17:04:21,2026-01-02 17:06:19,2026-01-02 17:06:03,2026-01-02 17:33:37
1191265,1,T78,M215,56610001,کیف و کفش فروشی,24900000,197600,Verified,Verified,,PSP-01,BANK-18,CARD-362217,Automated,259,105,2026-01-03 22:07:56,2026-01-03 22:07:57,2026-01-03 22:08:55,2026-01-03 22:08:53,2026-01-03 22:37:55
234109,1,T78,M215,56610001,کیف و کفش فروشی,100000000,197600,Verified,Verified,,PSP-01,BANK-23,CARD-60859,Automated,153,188,2026-01-04 12:25:10,2026-01-04 12:25:29,2026-01-04 12:27:55,2026-01-04 12:27:35,2026-01-04 12:55:10
420032,1,T78,M215,56610001,کیف و کفش فروشی,36800000,197600,Verified,Verified,,PSP-01,BANK-14,CARD-369978,Automated,167,123,2026-01-04 16:23:24,2026-01-04 16:23:25,2026-01-04 16:23:50,2026-01-04 16:23:48,2026-01-04 16:53:24
2034384,1,T78,M215,56610001,کیف و کفش فروشی,10000000,85600,Verified,Verified,,PSP-01,BANK-06,CARD-349124,Automated,180,112,2026-01-04 16:48:22,2026-01-04 16:52:17,2026-01-04 16:53:12,2026-01-04 16:52:44,2026-01-04 17:18:23
1533943,0,T78,M215,56610001,کیف و کفش فروشی,268000000,197600,Failed,NoAttempt,,,,,Automated,,,2026-01-05 11:53:37,,,,2026-01-05 12:23:37
1491899,0,T78,M215,56610001,کیف و کفش فروشی,268000000,197600,Failed,NoAttempt,,,,,Automated,,,2026-01-05 11:53:47,,,,2026-01-05 12:23:47
1279092,0,T78,M215,56610001,کیف و کفش فروشی,268000000,197600,Failed,NoAttempt,,,,,Automated,,,2026-01-05 11:53:57,,,,2026-01-05 12:23:57
1603278,1,T196,M43,56610001,کیف و کفش فروشی,1008500,13667,Verified,Verified,,PSP-03,BANK-31,CARD-282865,Automated,113,85,2026-01-01 00:00:17,2026-01-01 00:00:18,2026-01-01 00:01:19,2026-01-01 00:01:17,2026-01-01 00:30:17
618759,1,T78,M215,56610001,کیف و کفش فروشی,268000000,197600,Verified,Verified,,PSP-01,BANK-27,CARD-397023,Automated,97,78,2026-01-05 11:54:10,2026-01-05 11:55:45,2026-01-05 11:56:16,2026-01-05 11:56:12,2026-01-05 12:24:10
161216,1,T196,M43,56610001,کیف و کفش فروشی,767300,11738,Verified,Verified,,PSP-03,BANK-31,CARD-10483,Automated,274,123,2026-01-01 00:00:18,2026-01-01 00:00:20,2026-01-01 00:00:59,2026-01-01 00:00:58,2026-01-01 00:30:18
1998477,1,T78,M215,56610001,کیف و کفش فروشی,128000000,197600,Failed,InBank,,PSP-01,,,Automated,185,,2026-01-05 12:09:03,2026-01-05 12:09:04,,,2026-01-05 12:39:03
135964,1,T196,M43,56610001,کیف و کفش فروشی,757250,11658,Verified,Verified,,PSP-03,BANK-31,CARD-86730,Automated,87,163,2026-01-01 00:03:53,2026-01-01 00:03:54,2026-01-01 00:05:41,2026-01-01 00:05:40,2026-01-01 00:33:53
1696392,1,T78,M215,56610001,کیف و کفش فروشی,178000000,197600,Verified,Verified,,PSP-01,BANK-31,CARD-397820,Automated,131,140,2026-01-06 11:15:43,2026-01-06 11:16:09,2026-01-06 11:16:47,2026-01-06 11:16:40,2026-01-06 11:45:43
904647,0,T196,M43,56610001,کیف و کفش فروشی,757250,11658,Failed,NoAttempt,,,,,Automated,,,2026-01-01 00:09:26,,,,2026-01-01 00:39:26
525920,1,T196,M43,56610001,کیف و کفش فروشی,757250,11658,Verified,Verified,,PSP-03,BANK-14,CARD-265716,Automated,73,126,2026-01-01 00:09:27,2026-01-01 00:09:29,2026-01-01 00:10:31,2026-01-01 00:10:29,2026-01-01 00:39:27
2051217,1,T78,M215,56610001,کیف و کفش فروشی,218000000,197600,Verified,Verified,,PSP-01,BANK-14,CARD-131747,Automated,185,93,2026-01-06 11:29:35,2026-01-06 11:31:49,2026-01-06 11:32:54,2026-01-06 11:32:18,2026-01-06 11:59:35
119914,1,T196,M43,56610001,کیف و کفش فروشی,948200,13186,Verified,Verified,,PSP-03,BANK-18,CARD-170400,Automated,242,181,2026-01-01 00:10:56,2026-01-01 00:10:58,2026-01-01 00:13:23,2026-01-01 00:13:22,2026-01-01 00:40:56
1903155,0,T196,M43,56610001,کیف و کفش فروشی,767300,11738,Failed,NoAttempt,,,,,Automated,,,2026-01-01 00:22:37,,,,2026-01-01 00:52:37
2060078,0,T78,M215,56610001,کیف و کفش فروشی,138000000,197600,Failed,NoAttempt,,,,,Automated,,,2026-01-06 13:09:22,,,,2026-01-06 13:39:22
1892514,1,T196,M43,56610001,کیف و کفش فروشی,767300,11738,Verified,Verified,,PSP-03,BANK-14,CARD-399535,Automated,79,190,2026-01-01 00:22:39,2026-01-01 00:22:40,2026-01-01 00:23:24,2026-01-01 00:23:23,2026-01-01 00:52:39
24813,1,T78,M215,56610001,کیف و کفش فروشی,113330000,197600,Verified,Verified,,PSP-01,BANK-29,CARD-112157,Automated,106,312,2026-01-06 13:09:59,2026-01-06 13:10:18,2026-01-06 13:12:14,2026-01-06 13:12:06,2026-01-06 13:39:59
485767,1,T196,M43,56610001,کیف و کفش فروشی,2958200,29266,Verified,Verified,,PSP-03,BANK-14,CARD-211208,Automated,160,104,2026-01-01 00:24:03,2026-01-01 00:24:04,2026-01-01 00:25:34,2026-01-01 00:25:33,2026-01-01 00:54:03
1590577,1,T78,M215,56610001,کیف و کفش فروشی,58000000,197600,Verified,Verified,,PSP-01,BANK-27,CARD-346412,Automated,201,98,2026-01-06 14:15:07,2026-01-06 14:15:08,2026-01-06 14:16:44,2026-01-06 14:16:42,2026-01-06 14:45:07
2011814,1,T196,M43,56610001,کیف و کفش فروشی,2968250,29346,Verified,Verified,,PSP-03,BANK-14,CARD-392484,Automated,92,245,2026-01-01 00:33:55,2026-01-01 00:33:58,2026-01-01 00:36:02,2026-01-01 00:36:00,2026-01-01 01:03:55
1255813,1,T196,M43,56610001,کیف و کفش فروشی,767300,11738,Verified,Verified,,PSP-03,BANK-24,CARD-234391,Automated,155,204,2026-01-01 00:34:41,2026-01-01 00:34:44,2026-01-01 00:35:55,2026-01-01 00:35:53,2026-01-01 01:04:42
838833,1,T261,M210,48160002,ارائه دهنده خدمات اینترنت,1000000,13600,Verified,Verified,,PSP-03,BANK-18,CARD-379791,Manual,224,143,2026-01-01 00:27:17,2026-01-01 00:27:22,2026-01-01 00:28:40,2026-01-01 00:28:40,2026-01-01 00:57:17
31844,1,T78,M215,56610001,کیف و کفش فروشی,73600000,197600,Verified,Verified,,PSP-01,BANK-14,CARD-369978,Automated,168,227,2026-01-06 20:32:09,2026-01-06 20:32:10,2026-01-06 20:32:30,2026-01-06 20:32:28,2026-01-06 21:02:09
178083,1,T261,M210,48160002,ارائه دهنده خدمات اینترنت,1000000,13600,Verified,Verified,,PSP-03,BANK-22,CARD-107404,Manual,148,106,2026-01-01 02:12:47,2026-01-01 02:12:49,2026-01-01 02:13:43,2026-01-01 02:13:43,2026-01-01 02:42:47
1841903,1,T261,M210,48160002,ارائه دهنده خدمات اینترنت,2700000,27200,Verified,Verified,,PSP-03,BANK-12,CARD-95597,Manual,174,87,2026-01-01 07:50:39,2026-01-01 07:50:41,2026-01-01 07:51:45,2026-01-01 07:51:45,2026-01-01 08:20:40
1797865,1,T196,M43,56610001,کیف و کفش فروشی,767300,11738,Verified,Verified,,PSP-03,BANK-18,CARD-284389,Automated,80,79,2026-01-01 00:38:52,2026-01-01 00:38:54,2026-01-01 00:39:40,2026-01-01 00:39:38,2026-01-01 01:08:52
829410,0,T196,M43,56610001,کیف و کفش فروشی,767300,11738,Failed,NoAttempt,,,,,Automated,,,2026-01-01 00:50:22,,,,2026-01-01 01:20:23
1632757,1,T78,M215,56610001,کیف و کفش فروشی,59800000,197600,Verified,Verified,,PSP-01,BANK-18,CARD-351824,Automated,86,187,2026-01-07 10:41:22,2026-01-07 10:41:38,2026-01-07 10:42:33,2026-01-07 10:42:23,2026-01-07 11:11:23
128330,1,T196,M43,56610001,کیف و کفش فروشی,767300,11738,Verified,Verified,,PSP-03,BANK-27,CARD-237114,Automated,82,162,2026-01-01 00:50:24,2026-01-01 00:50:27,2026-01-01 00:50:56,2026-01-01 00:50:55,2026-01-01 01:20:24
938668,0,T196,M43,56610001,کیف و کفش فروشی,767300,11738,Failed,NoAttempt,,,,,Automated,,,2026-01-01 01:00:33,,,,2026-01-01 01:30:33
601613,1,T261,M210,48160002,ارائه دهنده خدمات اینترنت,1000000,13600,Verified,Verified,,PSP-03,BANK-14,CARD-291590,Manual,91,195,2026-01-01 08:06:28,2026-01-01 08:06:29,2026-01-01 08:07:38,2026-01-01 08:07:38,2026-01-01 08:36:28
33407,1,T78,M215,56610001,کیف و کفش فروشی,15840000,132320,Verified,Verified,,PSP-01,BANK-14,CARD-173611,Automated,116,209,2026-01-07 19:25:36,2026-01-07 19:25:55,2026-01-07 19:26:23,2026-01-07 19:26:21,2026-01-07 19:55:37
393628,1,T261,M210,48160002,ارائه دهنده خدمات اینترنت,2700000,27200,Verified,Verified,,PSP-03,BANK-14,CARD-247798,Manual,81,202,2026-01-01 08:30:54,2026-01-01 08:30:55,2026-01-01 08:31:40,2026-01-01 08:31:39,2026-01-01 09:00:54
1540381,1,T261,M210,48160002,ارائه دهنده خدمات اینترنت,1000000,13600,Verified,Verified,,PSP-03,BANK-31,CARD-219600,Manual,143,162,2026-01-01 08:36:18,2026-01-01 08:36:20,2026-01-01 08:37:24,2026-01-01 08:37:24,2026-01-01 09:06:18
636341,1,T196,M43,56610001,کیف و کفش فروشی,767300,11738,Verified,Verified,,PSP-03,BANK-31,CARD-396466,Automated,75,108,2026-01-01 01:00:43,2026-01-01 01:00:44,2026-01-01 01:01:36,2026-01-01 01:01:34,2026-01-01 01:30:43
2049731,0,T196,M43,56610001,کیف و کفش فروشی,767300,11738,Failed,NoAttempt,,,,,Automated,,,2026-01-01 01:00:46,,,,2026-01-01 01:30:46
1449888,1,T78,M215,56610001,کیف و کفش فروشی,178000000,197600,Failed,InBank,,PSP-01,,,Automated,99,,2026-01-08 13:03:40,2026-01-08 13:03:44,,,2026-01-08 13:33:40
473532,1,T196,M43,56610001,کیف و کفش فروشی,1008500,13667,Verified,Verified,,PSP-03,BANK-14,CARD-261106,Automated,82,89,2026-01-01 01:08:28,2026-01-01 01:08:30,2026-01-01 01:09:20,2026-01-01 01:09:19,2026-01-01 01:38:28
1333299,1,T196,M43,56610001,کیف و کفش فروشی,1330100,16240,Failed,InBank,,PSP-03,,,Automated,148,,2026-01-01 01:10:37,2026-01-01 01:10:39,,,2026-01-01 01:40:37
763820,1,T261,M210,48160002,ارائه دهنده خدمات اینترنت,2700000,27200,Verified,Verified,,PSP-03,BANK-31,CARD-6926,Manual,106,125,2026-01-01 08:40:49,2026-01-01 08:40:51,2026-01-01 08:41:20,2026-01-01 08:41:20,2026-01-01 09:10:49
2059918,1,T78,M215,56610001,کیف و کفش فروشی,9400000,80800,Paid,Paid,,PSP-01,BANK-27,CARD-125432,Automated,180,117,2026-01-08 16:48:49,2026-01-08 16:49:39,,2026-01-08 16:52:48,2026-01-08 17:18:49
1962375,1,T261,M210,48160002,ارائه دهنده خدمات اینترنت,1000000,13600,Verified,Verified,,PSP-03,BANK-15,CARD-127628,Manual,79,85,2026-01-01 09:56:29,2026-01-01 09:56:31,2026-01-01 09:57:17,2026-01-01 09:57:17,2026-01-01 10:26:29
1028150,1,T196,M43,56610001,کیف و کفش فروشی,1139150,14712,Verified,Verified,,PSP-03,BANK-31,CARD-208919,Automated,84,109,2026-01-01 01:10:43,2026-01-01 01:10:45,2026-01-01 01:11:52,2026-01-01 01:11:51,2026-01-01 01:40:43
457891,0,T196,M43,56610001,کیف و کفش فروشی,1078850,14230,Failed,NoAttempt,,,,,Automated,,,2026-01-01 01:14:34,,,,2026-01-01 01:44:33
834482,1,T196,M43,56610001,کیف و کفش فروشی,1078850,14230,Verified,Verified,,PSP-03,BANK-27,CARD-360328,Automated,173,155,2026-01-01 01:14:36,2026-01-01 01:14:39,2026-01-01 01:15:11,2026-01-01 01:15:09,2026-01-01 01:44:36
1439407,0,T78,M215,56610001,کیف و کفش فروشی,9400000,80800,Failed,NoAttempt,,,,,Automated,,,2026-01-08 16:50:25,,,,2026-01-08 17:20:26
1991517,1,T196,M43,56610001,کیف و کفش فروشی,1078850,14230,Verified,Verified,,PSP-03,BANK-14,CARD-391405,Automated,79,89,2026-01-01 01:15:01,2026-01-01 01:15:01,2026-01-01 01:15:55,2026-01-01 01:15:55,2026-01-01 01:45:01
91906,1,T261,M210,48160002,ارائه دهنده خدمات اینترنت,2000000,21600,Verified,Verified,,PSP-03,BANK-22,CARD-31034,Manual,255,138,2026-01-01 09:59:28,2026-01-01 09:59:30,2026-01-01 10:00:30,2026-01-01 10:00:29,2026-01-01 10:29:28
1493694,1,T261,M210,48160002,ارائه دهنده خدمات اینترنت,1900000,20800,Verified,Verified,,PSP-03,BANK-14,CARD-280133,Manual,76,132,2026-01-01 10:06:06,2026-01-01 10:06:09,2026-01-01 10:06:56,2026-01-01 10:06:56,2026-01-01 10:36:07
1263921,1,T78,M215,56610001,کیف و کفش فروشی,158000000,197600,Verified,Verified,,PSP-01,BANK-14,CARD-20687,Automated,172,166,2026-01-08 16:58:43,2026-01-08 17:00:19,2026-01-08 17:03:33,2026-01-08 17:03:28,2026-01-08 17:28:43
529361,1,T261,M210,48160002,ارائه دهنده خدمات اینترنت,2700000,27200,Verified,Verified,,PSP-03,BANK-14,CARD-157137,Manual,99,92,2026-01-01 10:26:11,2026-01-01 10:26:13,2026-01-01 10:28:04,2026-01-01 10:28:04,2026-01-01 10:56:11
1283629,1,T196,M43,56610001,کیف و کفش فروشی,1832600,20261,Verified,Verified,,PSP-03,BANK-18,CARD-289760,Automated,87,98,2026-01-01 01:16:49,2026-01-01 01:16:51,2026-01-01 01:18:47,2026-01-01 01:18:44,2026-01-01 01:46:49
1396285,1,T78,M215,56610001,کیف و کفش فروشی,49800000,197600,Failed,Failed,,PSP-01,,,Automated,172,,2026-01-10 11:36:27,2026-01-10 11:37:07,,,2026-01-10 12:06:27
1130661,1,T196,M43,56610001,کیف و کفش فروشی,1078850,14230,Verified,Verified,,PSP-03,BANK-29,CARD-134614,Automated,87,106,2026-01-01 01:32:00,2026-01-01 01:32:02,2026-01-01 01:33:09,2026-01-01 01:33:08,2026-01-01 02:02:00
1480754,1,T196,M43,56610001,کیف و کفش فروشی,1470800,17366,Verified,Verified,,PSP-03,BANK-27,CARD-274567,Automated,106,83,2026-01-01 01:33:15,2026-01-01 01:33:21,2026-01-01 01:34:12,2026-01-01 01:34:11,2026-01-01 02:03:15
1756506,1,T261,M210,48160002,ارائه دهنده خدمات اینترنت,1000000,13600,Verified,Verified,,PSP-03,BANK-22,CARD-137831,Manual,83,217,2026-01-01 10:51:57,2026-01-01 10:52:00,2026-01-01 10:52:41,2026-01-01 10:52:41,2026-01-01 11:21:58
1987384,1,T261,M210,48160002,ارائه دهنده خدمات اینترنت,1000000,13600,Verified,Verified,,PSP-03,BANK-14,CARD-292614,Manual,147,182,2026-01-01 11:34:31,2026-01-01 11:34:33,2026-01-01 11:35:14,2026-01-01 11:35:13,2026-01-01 12:04:31
1916728,0,T261,M210,48160002,ارائه دهنده خدمات اینترنت,1000000,13600,Failed,NoAttempt,,,,,Manual,,,2026-01-01 11:34:33,,,,2026-01-01 12:04:33
1619106,1,T261,M210,48160002,ارائه دهنده خدمات اینترنت,1000000,13600,Verified,Verified,,PSP-03,BANK-14,CARD-237315,Manual,1133,130,2026-01-01 11:37:41,2026-01-01 11:37:42,2026-01-01 11:38:16,2026-01-01 11:38:16,2026-01-01 12:07:41
1689064,0,T261,M210,48160002,ارائه دهنده خدمات اینترنت,3000000,29600,Failed,NoAttempt,,,,,Manual,,,2026-01-01 11:49:52,,,,2026-01-01 12:19:52
1090490,1,T261,M210,48160002,ارائه دهنده خدمات اینترنت,3000000,29600,Failed,InBank,,PSP-03,,,Manual,90,,2026-01-01 11:52:22,2026-01-01 11:52:23,,,2026-01-01 12:22:22
23729,1,T261,M210,48160002,ارائه دهنده خدمات اینترنت,3000000,29600,Verified,Verified,,PSP-03,BANK-23,CARD-16566,Manual,106,90,2026-01-01 11:53:26,2026-01-01 11:53:29,2026-01-01 11:53:59,2026-01-01 11:53:59,2026-01-01 12:23:26
1945013,1,T261,M210,48160002,ارائه دهنده خدمات اینترنت,1000000,13600,Verified,Verified,,PSP-03,BANK-18,CARD-161626,Manual,76,203,2026-01-01 11:58:18,2026-01-01 11:58:19,2026-01-01 11:59:01,2026-01-01 11:59:01,2026-01-01 12:28:18
1507684,1,T261,M210,48160002,ارائه دهنده خدمات اینترنت,1000000,13600,Verified,Verified,,PSP-03,BANK-31,CARD-167625,Manual,169,77,2026-01-01 12:14:01,2026-01-01 12:14:02,2026-01-01 12:16:12,2026-01-01 12:16:12,2026-01-01 12:44:01
1889670,1,T261,M210,48160002,ارائه دهنده خدمات اینترنت,1610000,18480,Verified,Verified,,PSP-03,BANK-14,CARD-328820,Manual,199,96,2026-01-01 13:45:27,2026-01-01 13:45:29,2026-01-01 13:47:25,2026-01-01 13:47:25,2026-01-01 14:15:27
1314605,1,T261,M210,48160002,ارائه دهنده خدمات اینترنت,1000000,13600,Verified,Verified,,PSP-03,BANK-14,CARD-324021,Manual,108,139,2026-01-01 14:00:25,2026-01-01 14:00:26,2026-01-01 14:01:46,2026-01-01 14:01:46,2026-01-01 14:30:25
563548,1,T261,M210,48160002,ارائه دهنده خدمات اینترنت,1000000,13600,Verified,Verified,,PSP-03,BANK-31,CARD-265790,Manual,155,108,2026-01-01 14:31:22,2026-01-01 14:31:23,2026-01-01 14:33:16,2026-01-01 14:33:16,2026-01-01 15:01:22
1678619,1,T261,M210,48160002,ارائه دهنده خدمات اینترنت,1000000,13600,Verified,Verified,,PSP-03,BANK-17,CARD-222612,Manual,81,91,2026-01-01 16:14:10,2026-01-01 16:14:11,2026-01-01 16:14:46,2026-01-01 16:14:46,2026-01-01 16:44:09
1219481,1,T261,M210,48160002,ارائه دهنده خدمات اینترنت,2000000,21600,Verified,Verified,,PSP-03,BANK-18,CARD-300601,Manual,156,90,2026-01-01 17:29:59,2026-01-01 17:30:01,2026-01-01 17:30:41,2026-01-01 17:30:41,2026-01-01 17:59:59
1982249,1,T261,M210,48160002,ارائه دهنده خدمات اینترنت,1000000,13600,Verified,Verified,,PSP-03,BANK-08,CARD-280950,Manual,132,129,2026-01-01 17:41:31,2026-01-01 17:41:33,2026-01-01 17:42:15,2026-01-01 17:42:15,2026-01-01 18:11:31
990209,1,T261,M210,48160002,ارائه دهنده خدمات اینترنت,2000000,21600,Verified,Verified,,PSP-03,BANK-18,CARD-68393,Manual,89,103,2026-01-01 18:12:41,2026-01-01 18:12:43,2026-01-01 18:13:27,2026-01-01 18:13:27,2026-01-01 18:42:41
1124937,1,T261,M210,48160002,ارائه دهنده خدمات اینترنت,1000000,13600,Failed,InBank,PSP-03:56,PSP-03,,,Manual,151,,2026-01-01 18:45:36,2026-01-01 18:45:37,,,2026-01-01 19:15:36
139186,1,T261,M210,48160002,ارائه دهنده خدمات اینترنت,1000000,13600,Verified,Verified,,PSP-03,BANK-14,CARD-280133,Manual,192,178,2026-01-01 18:47:35,2026-01-01 18:47:36,2026-01-01 18:48:35,2026-01-01 18:48:34,2026-01-01 19:17:35
418933,1,T261,M210,48160002,ارائه دهنده خدمات اینترنت,170000,6960,Verified,Verified,,PSP-03,BANK-18,CARD-251721,Manual,107,168,2026-01-01 19:07:09,2026-01-01 19:07:10,2026-01-01 19:08:05,2026-01-01 19:08:05,2026-01-01 19:37:09
1593255,1,T261,M210,48160002,ارائه دهنده خدمات اینترنت,2700000,27200,Verified,Verified,,PSP-03,BANK-14,CARD-137568,Manual,74,176,2026-01-01 19:15:44,2026-01-01 19:15:44,2026-01-01 19:17:01,2026-01-01 19:17:01,2026-01-01 19:45:45
1167264,1,T261,M210,48160002,ارائه دهنده خدمات اینترنت,1900000,20800,Verified,Verified,,PSP-03,BANK-23,CARD-7288,Manual,99,105,2026-01-01 19:38:19,2026-01-01 19:38:20,2026-01-01 19:38:56,2026-01-01 19:38:56,2026-01-01 20:08:19
1253061,1,T261,M210,48160002,ارائه دهنده خدمات اینترنت,2000000,21600,Verified,Verified,,PSP-03,BANK-12,CARD-216028,Manual,92,95,2026-01-01 20:14:57,2026-01-01 20:14:59,2026-01-01 20:15:39,2026-01-01 20:15:39,2026-01-01 20:44:57
1252657,1,T261,M210,48160002,ارائه دهنده خدمات اینترنت,500000,9600,Verified,Verified,,PSP-03,BANK-08,CARD-345931,Manual,164,115,2026-01-01 20:20:51,2026-01-01 20:20:52,2026-01-01 20:22:23,2026-01-01 20:22:23,2026-01-01 20:50:51
2016071,1,T261,M210,48160002,ارائه دهنده خدمات اینترنت,2000000,21600,Failed,InBank,,PSP-03,,,Manual,143,,2026-01-01 20:28:03,2026-01-01 20:28:16,,,2026-01-01 20:58:03
1085137,1,T261,M210,48160002,ارائه دهنده خدمات اینترنت,4800000,44000,Failed,InBank,,PSP-03,,,Manual,111,,2026-01-01 20:31:59,2026-01-01 20:32:00,,,2026-01-01 21:01:59
320930,1,T261,M210,48160002,ارائه دهنده خدمات اینترنت,4800000,44000,Verified,Verified,,PSP-03,BANK-23,CARD-7288,Manual,92,110,2026-01-01 20:33:59,2026-01-01 20:34:00,2026-01-01 20:35:03,2026-01-01 20:35:03,2026-01-01 21:03:59
875380,1,T261,M210,48160002,ارائه دهنده خدمات اینترنت,1000000,13600,Verified,Verified,,PSP-03,BANK-18,CARD-50083,Manual,78,157,2026-01-01 21:05:29,2026-01-01 21:05:30,2026-01-01 21:06:26,2026-01-01 21:06:26,2026-01-01 21:35:29
246691,1,T261,M210,48160002,ارائه دهنده خدمات اینترنت,1000000,13600,Verified,Verified,,PSP-03,BANK-29,CARD-290764,Manual,138,79,2026-01-01 21:19:04,2026-01-01 21:19:05,2026-01-01 21:19:41,2026-01-01 21:19:41,2026-01-01 21:49:04
1011823,1,T261,M210,48160002,ارائه دهنده خدمات اینترنت,1000000,13600,Verified,Verified,,PSP-03,BANK-31,CARD-239558,Manual,71,200,2026-01-01 21:57:17,2026-01-01 21:57:19,2026-01-01 21:58:08,2026-01-01 21:58:08,2026-01-01 22:27:17
1004244,1,T261,M210,48160002,ارائه دهنده خدمات اینترنت,1000000,13600,Verified,Verified,,PSP-03,BANK-15,CARD-123009,Manual,75,159,2026-01-01 22:10:38,2026-01-01 22:10:40,2026-01-01 22:11:20,2026-01-01 22:11:20,2026-01-01 22:40:38
1460507,1,T261,M210,48160002,ارائه دهنده خدمات اینترنت,1000000,13600,Verified,Verified,,PSP-03,BANK-17,CARD-162065,Manual,94,83,2026-01-01 22:12:47,2026-01-01 22:12:48,2026-01-01 22:13:27,2026-01-01 22:13:27,2026-01-01 22:42:47
1521447,1,T261,M210,48160002,ارائه دهنده خدمات اینترنت,2000000,21600,Verified,Verified,,PSP-03,BANK-16,CARD-92506,Manual,140,170,2026-01-01 22:53:47,2026-01-01 22:53:49,2026-01-01 22:54:51,2026-01-01 22:54:51,2026-01-01 23:23:47
1376281,1,T261,M210,48160002,ارائه دهنده خدمات اینترنت,1000000,13600,Verified,Verified,,PSP-03,BANK-14,CARD-290116,Manual,85,111,2026-01-01 23:18:11,2026-01-01 23:18:13,2026-01-01 23:19:33,2026-01-01 23:19:33,2026-01-01 23:48:11
1886400,1,T261,M210,48160002,ارائه دهنده خدمات اینترنت,3000000,29600,Failed,InBank,,PSP-03,,,Manual,142,,2026-01-01 23:51:45,2026-01-01 23:51:46,,,2026-01-02 00:21:45
1097659,1,T261,M210,48160002,ارائه دهنده خدمات اینترنت,1000000,13600,Verified,Verified,,PSP-03,BANK-19,CARD-236088,Manual,100,84,2026-01-01 23:52:36,2026-01-01 23:52:37,2026-01-01 23:53:15,2026-01-01 23:53:15,2026-01-02 00:22:36
1052358,1,T261,M210,48160002,ارائه دهنده خدمات اینترنت,1000000,13600,Verified,Verified,,PSP-03,BANK-31,CARD-45598,Manual,93,116,2026-01-02 00:27:06,2026-01-02 00:27:07,2026-01-02 00:28:04,2026-01-02 00:28:04,2026-01-02 00:57:06
893944,1,T261,M210,48160002,ارائه دهنده خدمات اینترنت,1000000,13600,Verified,Verified,,PSP-03,BANK-14,CARD-29659,Manual,134,126,2026-01-02 01:34:23,2026-01-02 01:34:25,2026-01-02 01:35:40,2026-01-02 01:35:38,2026-01-02 02:04:24
1304523,1,T261,M210,48160002,ارائه دهنده خدمات اینترنت,1000000,13600,Verified,Verified,,PSP-03,BANK-24,CARD-343271,Manual,90,239,2026-01-02 01:48:28,2026-01-02 01:48:29,2026-01-02 01:49:15,2026-01-02 01:49:15,2026-01-02 02:18:28
640325,1,T261,M210,48160002,ارائه دهنده خدمات اینترنت,1000000,13600,Verified,Verified,,PSP-03,BANK-18,CARD-70946,Manual,227,115,2026-01-02 04:54:09,2026-01-02 04:54:09,2026-01-02 04:55:47,2026-01-02 04:55:47,2026-01-02 05:24:09
560821,1,T261,M210,48160002,ارائه دهنده خدمات اینترنت,1000000,13600,Verified,Verified,,PSP-03,BANK-15,CARD-222756,Manual,150,167,2026-01-02 08:26:29,2026-01-02 08:26:30,2026-01-02 08:27:08,2026-01-02 08:27:08,2026-01-02 08:56:29
1027503,1,T261,M210,48160002,ارائه دهنده خدمات اینترنت,840000,12320,Verified,Verified,,PSP-03,BANK-25,CARD-92240,Manual,98,96,2026-01-02 08:29:35,2026-01-02 08:29:37,2026-01-02 08:30:50,2026-01-02 08:30:50,2026-01-02 08:59:35
1586877,1,T261,M210,48160002,ارائه دهنده خدمات اینترنت,2000000,21600,Verified,Verified,,PSP-03,BANK-11,CARD-163501,Manual,161,95,2026-01-02 09:56:08,2026-01-02 09:56:10,2026-01-02 09:56:48,2026-01-02 09:56:48,2026-01-02 10:26:08
1229619,1,T261,M210,48160002,ارائه دهنده خدمات اینترنت,2700000,27200,Verified,Verified,,PSP-03,BANK-24,CARD-279625,Manual,166,171,2026-01-02 10:02:52,2026-01-02 10:02:54,2026-01-02 10:04:28,2026-01-02 10:04:28,2026-01-02 10:32:53
754306,1,T261,M210,48160002,ارائه دهنده خدمات اینترنت,1000000,13600,Verified,Verified,,PSP-03,BANK-18,CARD-50083,Manual,156,193,2026-01-02 10:03:13,2026-01-02 10:03:14,2026-01-02 10:03:49,2026-01-02 10:03:49,2026-01-02 10:33:13
628366,1,T261,M210,48160002,ارائه دهنده خدمات اینترنت,1000000,13600,Verified,Verified,,PSP-03,BANK-18,CARD-50083,Manual,175,147,2026-01-02 10:04:00,2026-01-02 10:04:01,2026-01-02 10:04:51,2026-01-02 10:04:51,2026-01-02 10:34:00
1531403,1,T261,M210,48160002,ارائه دهنده خدمات اینترنت,1000000,13600,Verified,Verified,,PSP-03,BANK-18,CARD-331980,Manual,139,131,2026-01-02 10:38:20,2026-01-02 10:38:21,2026-01-02 10:39:14,2026-01-02 10:39:14,2026-01-02 11:08:20
383596,1,T261,M210,48160002,ارائه دهنده خدمات اینترنت,1000000,13600,Verified,Verified,,PSP-03,BANK-26,CARD-384411,Manual,87,103,2026-01-02 10:38:52,2026-01-02 10:38:54,2026-01-02 10:40:08,2026-01-02 10:40:08,2026-01-02 11:08:52
1590483,1,T261,M210,48160002,ارائه دهنده خدمات اینترنت,1000000,13600,Verified,Verified,,PSP-03,BANK-19,CARD-330188,Manual,219,165,2026-01-02 11:06:00,2026-01-02 11:06:02,2026-01-02 11:06:50,2026-01-02 11:06:50,2026-01-02 11:36:00
856006,1,T261,M210,48160002,ارائه دهنده خدمات اینترنت,1000000,13600,Verified,Verified,,PSP-03,BANK-18,CARD-328953,Manual,83,183,2026-01-02 11:19:17,2026-01-02 11:19:18,2026-01-02 11:20:03,2026-01-02 11:20:03,2026-01-02 11:49:17
555235,1,T261,M210,48160002,ارائه دهنده خدمات اینترنت,1000000,13600,Verified,Verified,,PSP-03,BANK-09,CARD-287078,Manual,153,96,2026-01-02 11:50:56,2026-01-02 11:50:58,2026-01-02 11:52:58,2026-01-02 11:52:58,2026-01-02 12:20:56
510242,1,T261,M210,48160002,ارائه دهنده خدمات اینترنت,1000000,13600,Verified,Verified,,PSP-03,BANK-09,CARD-287078,Manual,162,87,2026-01-02 11:54:26,2026-01-02 11:54:26,2026-01-02 11:55:41,2026-01-02 11:55:41,2026-01-02 12:24:26
1468518,1,T261,M210,48160002,ارائه دهنده خدمات اینترنت,170000,6960,Verified,Verified,,PSP-03,BANK-25,CARD-354253,Manual,83,81,2026-01-02 11:58:21,2026-01-02 11:58:22,2026-01-02 11:59:11,2026-01-02 11:59:11,2026-01-02 12:28:21
779519,1,T261,M210,48160002,ارائه دهنده خدمات اینترنت,1000000,13600,Verified,Verified,,PSP-03,BANK-09,CARD-181347,Manual,147,161,2026-01-02 12:13:12,2026-01-02 12:13:17,2026-01-02 12:14:07,2026-01-02 12:14:06,2026-01-02 12:43:12
1016017,1,T261,M210,48160002,ارائه دهنده خدمات اینترنت,1000000,13600,Verified,Verified,,PSP-03,BANK-14,CARD-382024,Manual,91,195,2026-01-02 12:44:50,2026-01-02 12:44:51,2026-01-02 12:47:42,2026-01-02 12:47:42,2026-01-02 13:14:50
1826355,1,T261,M210,48160002,ارائه دهنده خدمات اینترنت,1000000,13600,Verified,Verified,,PSP-03,BANK-18,CARD-129442,Manual,91,179,2026-01-02 12:58:52,2026-01-02 12:58:57,2026-01-02 13:00:18,2026-01-02 13:00:18,2026-01-02 13:28:52
1808539,1,T261,M210,48160002,ارائه دهنده خدمات اینترنت,2700000,27200,Verified,Verified,,PSP-03,BANK-14,CARD-280133,Manual,88,100,2026-01-02 13:03:34,2026-01-02 13:03:35,2026-01-02 13:05:04,2026-01-02 13:05:04,2026-01-02 13:33:34
320375,1,T261,M210,48160002,ارائه دهنده خدمات اینترنت,1000000,13600,Verified,Verified,,PSP-03,BANK-25,CARD-71659,Manual,78,225,2026-01-02 13:10:43,2026-01-02 13:10:44,2026-01-02 13:11:27,2026-01-02 13:11:27,2026-01-02 13:40:43
859312,1,T261,M210,48160002,ارائه دهنده خدمات اینترنت,1760000,19680,Verified,Verified,,PSP-03,BANK-14,CARD-174982,Manual,89,292,2026-01-02 13:29:36,2026-01-02 13:29:37,2026-01-02 13:30:11,2026-01-02 13:30:10,2026-01-02 13:59:36
1223629,1,T261,M210,48160002,ارائه دهنده خدمات اینترنت,5000000,45600,Verified,Verified,,PSP-03,BANK-13,CARD-230734,Manual,118,79,2026-01-02 13:31:14,2026-01-02 13:31:17,2026-01-02 13:32:54,2026-01-02 13:32:54,2026-01-02 14:01:15
660461,1,T261,M210,48160002,ارائه دهنده خدمات اینترنت,1000000,13600,Verified,Verified,,PSP-03,BANK-18,CARD-180622,Manual,91,169,2026-01-02 13:35:01,2026-01-02 13:35:02,2026-01-02 13:35:59,2026-01-02 13:35:59,2026-01-02 14:05:01
1425157,1,T261,M210,48160002,ارائه دهنده خدمات اینترنت,5700000,51200,Verified,Verified,,PSP-03,BANK-13,CARD-364326,Manual,210,237,2026-01-02 14:06:56,2026-01-02 14:06:57,2026-01-02 14:07:29,2026-01-02 14:07:29,2026-01-02 14:36:56
446475,1,T261,M210,48160002,ارائه دهنده خدمات اینترنت,1000000,13600,Failed,InBank,,PSP-03,,,Manual,85,,2026-01-02 14:19:17,2026-01-02 14:19:18,,,2026-01-02 14:49:17
1776609,1,T261,M210,48160002,ارائه دهنده خدمات اینترنت,1000000,13600,Verified,Verified,,PSP-03,BANK-14,CARD-239272,Manual,114,194,2026-01-02 14:19:36,2026-01-02 14:19:38,2026-01-02 14:21:15,2026-01-02 14:21:15,2026-01-02 14:49:36
499567,1,T261,M210,48160002,ارائه دهنده خدمات اینترنت,1000000,13600,Verified,Verified,,PSP-03,BANK-18,CARD-153805,Manual,174,188,2026-01-02 14:20:42,2026-01-02 14:20:43,2026-01-02 14:21:37,2026-01-02 14:21:37,2026-01-02 14:50:42
1182821,1,T261,M210,48160002,ارائه دهنده خدمات اینترنت,2700000,27200,Verified,Verified,,PSP-03,BANK-14,CARD-121518,Manual,239,222,2026-01-02 14:33:43,2026-01-02 14:33:45,2026-01-02 14:34:09,2026-01-02 14:34:08,2026-01-02 15:03:43
856621,1,T261,M210,48160002,ارائه دهنده خدمات اینترنت,1000000,13600,Verified,Verified,,PSP-03,BANK-14,CARD-77231,Manual,105,144,2026-01-02 16:27:51,2026-01-02 16:27:52,2026-01-02 16:28:57,2026-01-02 16:28:57,2026-01-02 16:57:51
214248,1,T261,M210,48160002,ارائه دهنده خدمات اینترنت,1000000,13600,Verified,Verified,,PSP-03,BANK-18,CARD-284062,Manual,229,218,2026-01-02 18:43:35,2026-01-02 18:43:36,2026-01-02 18:44:16,2026-01-02 18:44:16,2026-01-02 19:13:35
599532,1,T261,M210,48160002,ارائه دهنده خدمات اینترنت,1000000,13600,Verified,Verified,,PSP-03,BANK-23,CARD-109,Manual,73,154,2026-01-02 18:52:01,2026-01-02 18:52:03,2026-01-02 18:52:50,2026-01-02 18:52:50,2026-01-02 19:22:01
929506,0,T261,M210,48160002,ارائه دهنده خدمات اینترنت,5000000,45600,Failed,NoAttempt,,,,,Manual,,,2026-01-02 18:57:33,,,,2026-01-02 19:27:33
1585413,1,T261,M210,48160002,ارائه دهنده خدمات اینترنت,5000000,45600,Verified,Verified,,PSP-03,BANK-14,CARD-31256,Manual,150,164,2026-01-02 18:57:36,2026-01-02 18:57:39,2026-01-02 18:58:27,2026-01-02 18:58:27,2026-01-02 19:27:36
455996,1,T261,M210,48160002,ارائه دهنده خدمات اینترنت,1000000,13600,Verified,Verified,,PSP-03,BANK-08,CARD-135844,Manual,119,134,2026-01-02 19:34:09,2026-01-02 19:34:09,2026-01-02 19:35:13,2026-01-02 19:35:13,2026-01-02 20:04:09
1133558,1,T261,M210,48160002,ارائه دهنده خدمات اینترنت,1000000,13600,Verified,Verified,,PSP-03,BANK-22,CARD-31477,Manual,132,94,2026-01-02 20:41:40,2026-01-02 20:41:41,2026-01-02 20:42:04,2026-01-02 20:42:04,2026-01-02 21:11:40
1107191,1,T261,M210,48160002,ارائه دهنده خدمات اینترنت,1000000,13600,Verified,Verified,,PSP-03,BANK-18,CARD-102626,Manual,169,101,2026-01-02 20:47:19,2026-01-02 20:47:21,2026-01-02 20:48:06,2026-01-02 20:48:05,2026-01-02 21:17:19
1836970,1,T261,M210,48160002,ارائه دهنده خدمات اینترنت,1000000,13600,Verified,Verified,,PSP-03,BANK-14,CARD-280133,Manual,128,184,2026-01-02 22:00:54,2026-01-02 22:00:56,2026-01-02 22:02:44,2026-01-02 22:02:44,2026-01-02 22:30:54
1949561,1,T261,M210,48160002,ارائه دهنده خدمات اینترنت,1000000,13600,Verified,Verified,,PSP-03,BANK-12,CARD-204344,Manual,158,245,2026-01-02 22:43:37,2026-01-02 22:43:38,2026-01-02 22:44:36,2026-01-02 22:44:36,2026-01-02 23:13:37
1038455,1,T261,M210,48160002,ارائه دهنده خدمات اینترنت,170000,6960,Verified,Verified,,PSP-03,BANK-18,CARD-305957,Manual,131,265,2026-01-02 23:50:31,2026-01-02 23:50:33,2026-01-02 23:51:00,2026-01-02 23:51:00,2026-01-03 00:20:31
1933468,1,T261,M210,48160002,ارائه دهنده خدمات اینترنت,1000000,13600,Failed,InBank,,PSP-03,,,Manual,122,,2026-01-03 00:11:52,2026-01-03 00:11:57,,,2026-01-03 00:41:52
253438,1,T261,M210,48160002,ارائه دهنده خدمات اینترنت,1000000,13600,Failed,InBank,,PSP-03,,,Manual,148,,2026-01-03 00:20:46,2026-01-03 00:20:48,,,2026-01-03 00:50:46
1029960,1,T261,M210,48160002,ارائه دهنده خدمات اینترنت,1000000,13600,Verified,Verified,,PSP-03,BANK-14,CARD-324021,Manual,94,176,2026-01-03 00:33:24,2026-01-03 00:33:26,2026-01-03 00:34:30,2026-01-03 00:34:30,2026-01-03 01:03:24
377076,1,T261,M210,48160002,ارائه دهنده خدمات اینترنت,1000000,13600,Verified,Verified,,PSP-03,BANK-14,CARD-260787,Manual,77,198,2026-01-03 01:54:56,2026-01-03 01:54:57,2026-01-03 01:55:47,2026-01-03 01:55:46,2026-01-03 02:24:56
908044,1,T261,M210,48160002,ارائه دهنده خدمات اینترنت,1000000,13600,Verified,Verified,,PSP-03,BANK-14,CARD-125776,Manual,127,90,2026-01-03 01:59:02,2026-01-03 01:59:03,2026-01-03 01:59:57,2026-01-03 01:59:57,2026-01-03 02:29:02
1241528,1,T261,M210,48160002,ارائه دهنده خدمات اینترنت,2000000,21600,Verified,Verified,,PSP-03,BANK-27,CARD-115859,Manual,154,155,2026-01-03 04:35:29,2026-01-03 04:35:32,2026-01-03 04:37:01,2026-01-03 04:36:59,2026-01-03 05:05:29
1684388,1,T261,M210,48160002,ارائه دهنده خدمات اینترنت,1000000,13600,Failed,InBank,,PSP-03,,,Manual,139,,2026-01-03 09:09:09,2026-01-03 09:09:10,,,2026-01-03 09:39:09
357667,1,T261,M210,48160002,ارائه دهنده خدمات اینترنت,1000000,13600,Failed,InBank,,PSP-03,,,Manual,150,,2026-01-03 09:11:02,2026-01-03 09:11:03,,,2026-01-03 09:41:02
510540,1,T261,M210,48160002,ارائه دهنده خدمات اینترنت,1000000,13600,Verified,Verified,,PSP-03,BANK-14,CARD-103686,Manual,159,166,2026-01-03 09:14:35,2026-01-03 09:14:36,2026-01-03 09:16:19,2026-01-03 09:16:19,2026-01-03 09:44:35
893059,1,T261,M210,48160002,ارائه دهنده خدمات اینترنت,170000,6960,Verified,Verified,,PSP-03,BANK-18,CARD-162528,Manual,99,90,2026-01-03 09:17:02,2026-01-03 09:17:03,2026-01-03 09:17:34,2026-01-03 09:17:34,2026-01-03 09:47:02
1566092,1,T261,M210,48160002,ارائه دهنده خدمات اینترنت,1000000,13600,Verified,Verified,,PSP-03,BANK-12,CARD-67602,Manual,249,204,2026-01-03 10:04:06,2026-01-03 10:04:08,2026-01-03 10:06:04,2026-01-03 10:06:04,2026-01-03 10:34:06
1007945,1,T261,M210,48160002,ارائه دهنده خدمات اینترنت,1000000,13600,Verified,Verified,,PSP-03,BANK-31,CARD-277370,Manual,149,124,2026-01-03 10:25:25,2026-01-03 10:25:27,2026-01-03 10:26:38,2026-01-03 10:26:38,2026-01-03 10:55:26
1195772,1,T261,M210,48160002,ارائه دهنده خدمات اینترنت,1000000,13600,Verified,Verified,,PSP-03,BANK-18,CARD-20615,Manual,132,128,2026-01-03 11:23:25,2026-01-03 11:23:26,2026-01-03 11:24:20,2026-01-03 11:24:20,2026-01-03 11:53:25
1587324,1,T261,M210,48160002,ارائه دهنده خدمات اینترنت,1900000,20800,Verified,Verified,,PSP-03,BANK-18,CARD-16184,Manual,73,204,2026-01-03 11:52:19,2026-01-03 11:52:20,2026-01-03 11:53:24,2026-01-03 11:53:24,2026-01-03 12:22:19
2055539,1,T261,M210,48160002,ارائه دهنده خدمات اینترنت,170000,6960,Verified,Verified,,PSP-03,BANK-14,CARD-353783,Manual,194,95,2026-01-03 11:55:13,2026-01-03 11:55:15,2026-01-03 11:56:00,2026-01-03 11:56:00,2026-01-03 12:25:13
803852,1,T261,M210,48160002,ارائه دهنده خدمات اینترنت,1000000,13600,Verified,Verified,,PSP-03,BANK-08,CARD-167511,Manual,70,86,2026-01-03 12:23:31,2026-01-03 12:23:33,2026-01-03 12:24:35,2026-01-03 12:24:35,2026-01-03 12:53:31
2026485,0,T261,M210,48160002,ارائه دهنده خدمات اینترنت,2700000,27200,Failed,NoAttempt,,,,,Manual,,,2026-01-03 12:41:21,,,,2026-01-03 13:11:21
180750,1,T261,M210,48160002,ارائه دهنده خدمات اینترنت,2700000,27200,Verified,Verified,,PSP-03,BANK-24,CARD-393383,Manual,177,118,2026-01-03 12:41:26,2026-01-03 12:41:27,2026-01-03 12:42:18,2026-01-03 12:42:18,2026-01-03 13:11:26
2023048,1,T261,M210,48160002,ارائه دهنده خدمات اینترنت,1000000,13600,Verified,Verified,,PSP-03,BANK-14,CARD-280133,Manual,80,101,2026-01-03 12:41:50,2026-01-03 12:41:51,2026-01-03 12:42:21,2026-01-03 12:42:21,2026-01-03 13:11:50
819918,1,T261,M210,48160002,ارائه دهنده خدمات اینترنت,1000000,13600,Verified,Verified,,PSP-03,BANK-14,CARD-345010,Manual,136,93,2026-01-03 12:57:40,2026-01-03 12:57:42,2026-01-03 12:58:16,2026-01-03 12:58:16,2026-01-03 13:27:40
1672030,1,T261,M210,48160002,ارائه دهنده خدمات اینترنت,1000000,13600,Verified,Verified,,PSP-03,BANK-15,CARD-209511,Manual,68,190,2026-01-03 13:00:05,2026-01-03 13:00:06,2026-01-03 13:00:35,2026-01-03 13:00:35,2026-01-03 13:30:05
420364,1,T261,M210,48160002,ارائه دهنده خدمات اینترنت,1000000,13600,Verified,Verified,,PSP-03,BANK-14,CARD-290116,Manual,162,92,2026-01-03 13:11:20,2026-01-03 13:11:21,2026-01-03 13:12:24,2026-01-03 13:12:24,2026-01-03 13:41:20
2039977,1,T261,M210,48160002,ارائه دهنده خدمات اینترنت,1000000,13600,Verified,Verified,,PSP-03,BANK-31,CARD-117421,Manual,178,128,2026-01-03 13:12:21,2026-01-03 13:12:22,2026-01-03 13:12:54,2026-01-03 13:12:54,2026-01-03 13:42:21
384367,1,T261,M210,48160002,ارائه دهنده خدمات اینترنت,2700000,27200,Verified,Verified,,PSP-03,BANK-14,CARD-279780,Manual,129,106,2026-01-03 13:18:04,2026-01-03 13:18:04,2026-01-03 13:19:25,2026-01-03 13:19:25,2026-01-03 13:48:04
489803,1,T261,M210,48160002,ارائه دهنده خدمات اینترنت,1000000,13600,Verified,Verified,,PSP-03,BANK-14,CARD-354255,Manual,166,197,2026-01-03 13:18:25,2026-01-03 13:18:25,2026-01-03 13:19:06,2026-01-03 13:19:06,2026-01-03 13:48:25
962127,1,T261,M210,48160002,ارائه دهنده خدمات اینترنت,2700000,27200,Verified,Verified,,PSP-03,BANK-14,CARD-398321,Manual,83,149,2026-01-03 13:29:04,2026-01-03 13:29:05,2026-01-03 13:31:17,2026-01-03 13:31:17,2026-01-03 13:59:04
1463515,1,T261,M210,48160002,ارائه دهنده خدمات اینترنت,1000000,13600,Failed,InBank,,PSP-03,,,Manual,89,,2026-01-03 13:38:36,2026-01-03 13:38:37,,,2026-01-03 14:08:36
1526940,1,T261,M210,48160002,ارائه دهنده خدمات اینترنت,500000,9600,Verified,Verified,,PSP-03,BANK-14,CARD-213639,Manual,167,141,2026-01-03 13:48:14,2026-01-03 13:48:16,2026-01-03 13:49:08,2026-01-03 13:49:08,2026-01-03 14:18:15
251665,1,T261,M210,48160002,ارائه دهنده خدمات اینترنت,1000000,13600,Verified,Verified,,PSP-03,BANK-12,CARD-350913,Manual,99,96,2026-01-03 13:53:01,2026-01-03 13:53:04,2026-01-03 13:54:17,2026-01-03 13:54:17,2026-01-03 14:23:01
280393,1,T261,M210,48160002,ارائه دهنده خدمات اینترنت,500000,9600,Verified,Verified,,PSP-03,BANK-18,CARD-160336,Manual,173,117,2026-01-03 14:34:24,2026-01-03 14:34:25,2026-01-03 14:35:10,2026-01-03 14:35:10,2026-01-03 15:04:24
850803,1,T261,M210,48160002,ارائه دهنده خدمات اینترنت,1000000,13600,Failed,InBank,,PSP-03,,,Manual,70,,2026-01-03 14:46:06,2026-01-03 14:46:07,,,2026-01-03 15:16:06
222676,0,T261,M210,48160002,ارائه دهنده خدمات اینترنت,1000000,13600,Failed,NoAttempt,,,,,Manual,,,2026-01-03 14:46:35,,,,2026-01-03 15:16:35
684625,1,T261,M210,48160002,ارائه دهنده خدمات اینترنت,1000000,13600,Failed,InBank,,PSP-03,,,Manual,164,,2026-01-03 14:46:37,2026-01-03 14:46:38,,,2026-01-03 15:16:37
488425,0,T261,M210,48160002,ارائه دهنده خدمات اینترنت,1000000,13600,Failed,NoAttempt,,,,,Manual,,,2026-01-03 14:46:39,,,,2026-01-03 15:16:39
1025404,1,T261,M210,48160002,ارائه دهنده خدمات اینترنت,1000000,13600,Verified,Verified,,PSP-03,BANK-17,CARD-15358,Manual,167,111,2026-01-03 14:49:41,2026-01-03 14:49:43,2026-01-03 14:51:33,2026-01-03 14:51:33,2026-01-03 15:19:41
598976,1,T261,M210,48160002,ارائه دهنده خدمات اینترنت,1000000,13600,Verified,Verified,,PSP-03,BANK-18,CARD-86018,Manual,150,98,2026-01-03 14:50:22,2026-01-03 14:50:24,2026-01-03 14:51:15,2026-01-03 14:51:14,2026-01-03 15:20:22
594085,1,T261,M210,48160002,ارائه دهنده خدمات اینترنت,1000000,13600,Verified,Verified,,PSP-03,BANK-14,CARD-347599,Manual,100,89,2026-01-03 15:00:56,2026-01-03 15:00:58,2026-01-03 15:01:43,2026-01-03 15:01:43,2026-01-03 15:30:56
442640,1,T261,M210,48160002,ارائه دهنده خدمات اینترنت,1000000,13600,Verified,Verified,,PSP-03,BANK-18,CARD-326976,Manual,122,83,2026-01-03 15:01:50,2026-01-03 15:01:51,2026-01-03 15:02:44,2026-01-03 15:02:44,2026-01-03 15:31:50
1974121,1,T261,M210,48160002,ارائه دهنده خدمات اینترنت,1000000,13600,Failed,InBank,,PSP-03,,,Manual,158,,2026-01-03 15:16:21,2026-01-03 15:16:22,,,2026-01-03 15:46:21
188810,1,T261,M210,48160002,ارائه دهنده خدمات اینترنت,2700000,27200,Failed,InBank,,PSP-03,,,Manual,376,,2026-01-03 15:17:10,2026-01-03 15:17:10,,,2026-01-03 15:47:10
171994,1,T261,M210,48160002,ارائه دهنده خدمات اینترنت,1000000,13600,Verified,Verified,,PSP-03,BANK-18,CARD-383862,Manual,129,102,2026-01-03 15:29:50,2026-01-03 15:29:51,2026-01-03 15:30:25,2026-01-03 15:30:25,2026-01-03 15:59:50
1391234,1,T261,M210,48160002,ارائه دهنده خدمات اینترنت,1000000,13600,Verified,Verified,,PSP-03,BANK-14,CARD-14336,Manual,83,87,2026-01-03 15:30:03,2026-01-03 15:30:04,2026-01-03 15:30:48,2026-01-03 15:30:48,2026-01-03 16:00:03
169137,1,T261,M210,48160002,ارائه دهنده خدمات اینترنت,1000000,13600,Verified,Verified,,PSP-03,BANK-18,CARD-192265,Manual,91,84,2026-01-03 15:34:14,2026-01-03 15:34:14,2026-01-03 15:35:21,2026-01-03 15:35:21,2026-01-03 16:04:14
477131,1,T261,M210,48160002,ارائه دهنده خدمات اینترنت,170000,6960,Verified,Verified,,PSP-03,BANK-22,CARD-236539,Manual,205,127,2026-01-03 15:41:07,2026-01-03 15:41:08,2026-01-03 15:41:35,2026-01-03 15:41:35,2026-01-03 16:11:07
1462862,1,T261,M210,48160002,ارائه دهنده خدمات اینترنت,1000000,13600,Verified,Verified,,PSP-03,BANK-01,CARD-333995,Manual,170,203,2026-01-03 16:11:34,2026-01-03 16:11:35,2026-01-03 16:12:13,2026-01-03 16:12:13,2026-01-03 16:41:33
420438,1,T261,M210,48160002,ارائه دهنده خدمات اینترنت,1000000,13600,Failed,InBank,,PSP-03,,,Manual,125,,2026-01-03 17:36:05,2026-01-03 17:36:06,,,2026-01-03 18:06:05
1691118,1,T261,M210,48160002,ارائه دهنده خدمات اینترنت,1000000,13600,Verified,Verified,,PSP-03,BANK-11,CARD-163501,Manual,178,86,2026-01-03 18:53:23,2026-01-03 18:53:25,2026-01-03 18:53:53,2026-01-03 18:53:53,2026-01-03 19:23:23
188238,1,T261,M210,48160002,ارائه دهنده خدمات اینترنت,1000000,13600,Verified,Verified,,PSP-03,BANK-18,CARD-12040,Manual,157,155,2026-01-03 19:00:33,2026-01-03 19:00:34,2026-01-03 19:01:46,2026-01-03 19:01:46,2026-01-03 19:30:33
1227628,1,T261,M210,48160002,ارائه دهنده خدمات اینترنت,1000000,13600,Failed,InBank,,PSP-03,,,Manual,69,,2026-01-03 19:00:34,2026-01-03 19:01:52,,,2026-01-03 19:30:34
1928760,1,T261,M210,48160002,ارائه دهنده خدمات اینترنت,1000000,13600,Verified,Verified,,PSP-03,BANK-14,CARD-138827,Manual,156,173,2026-01-03 19:18:47,2026-01-03 19:18:49,2026-01-03 19:20:11,2026-01-03 19:20:11,2026-01-03 19:48:47
1407558,1,T261,M210,48160002,ارائه دهنده خدمات اینترنت,1000000,13600,Failed,InBank,,PSP-03,,,Manual,150,,2026-01-03 19:20:01,2026-01-03 19:20:03,,,2026-01-03 19:50:01
822794,1,T261,M210,48160002,ارائه دهنده خدمات اینترنت,1000000,13600,Verified,Verified,,PSP-03,BANK-12,CARD-69826,Manual,97,99,2026-01-03 19:37:25,2026-01-03 19:37:27,2026-01-03 19:38:38,2026-01-03 19:38:38,2026-01-03 20:07:26
1391755,1,T261,M210,48160002,ارائه دهنده خدمات اینترنت,1000000,13600,Verified,Verified,,PSP-03,BANK-18,CARD-161626,Manual,147,110,2026-01-03 19:59:05,2026-01-03 19:59:06,2026-01-03 19:59:38,2026-01-03 19:59:38,2026-01-03 20:29:05
1461704,1,T261,M210,48160002,ارائه دهنده خدمات اینترنت,2700000,27200,Verified,Verified,,PSP-03,BANK-12,CARD-225870,Manual,144,163,2026-01-03 20:00:58,2026-01-03 20:01:01,2026-01-03 20:02:26,2026-01-03 20:02:26,2026-01-03 20:30:58
40316,1,T261,M210,48160002,ارائه دهنده خدمات اینترنت,1000000,13600,Verified,Verified,,PSP-03,BANK-31,CARD-13375,Manual,77,85,2026-01-03 20:08:25,2026-01-03 20:08:26,2026-01-03 20:09:44,2026-01-03 20:09:44,2026-01-03 20:38:25
754955,1,T261,M210,48160002,ارائه دهنده خدمات اینترنت,1000000,13600,Verified,Verified,,PSP-03,BANK-31,CARD-67424,Manual,187,178,2026-01-03 20:12:52,2026-01-03 20:12:54,2026-01-03 20:13:33,2026-01-03 20:13:33,2026-01-03 20:42:52
1173331,1,T261,M210,48160002,ارائه دهنده خدمات اینترنت,1000000,13600,Verified,Verified,,PSP-03,BANK-31,CARD-348433,Manual,167,163,2026-01-03 20:16:27,2026-01-03 20:16:28,2026-01-03 20:17:33,2026-01-03 20:17:33,2026-01-03 20:46:27
504240,1,T261,M210,48160002,ارائه دهنده خدمات اینترنت,1000000,13600,Verified,Verified,,PSP-03,BANK-14,CARD-193346,Manual,107,178,2026-01-03 20:31:43,2026-01-03 20:31:44,2026-01-03 20:33:26,2026-01-03 20:33:26,2026-01-03 21:01:43
1240095,1,T261,M210,48160002,ارائه دهنده خدمات اینترنت,1000000,13600,Verified,Verified,,PSP-03,BANK-01,CARD-317710,Manual,161,204,2026-01-03 20:32:24,2026-01-03 20:32:25,2026-01-03 20:32:49,2026-01-03 20:32:49,2026-01-03 21:02:24
1325405,1,T261,M210,48160002,ارائه دهنده خدمات اینترنت,1000000,13600,Failed,InBank,PSP-03:56,PSP-03,,,Manual,89,,2026-01-03 20:42:08,2026-01-03 20:42:09,,,2026-01-03 21:12:08
1907764,1,T261,M210,48160002,ارائه دهنده خدمات اینترنت,1000000,13600,Verified,Verified,,PSP-03,BANK-11,CARD-191135,Manual,76,164,2026-01-03 20:44:52,2026-01-03 20:44:53,2026-01-03 20:46:01,2026-01-03 20:46:01,2026-01-03 21:14:52
1589689,1,T261,M210,48160002,ارائه دهنده خدمات اینترنت,1000000,13600,Verified,Verified,,PSP-03,BANK-31,CARD-112314,Manual,165,98,2026-01-03 20:47:56,2026-01-03 20:47:58,2026-01-03 20:48:49,2026-01-03 20:48:49,2026-01-03 21:17:56
375793,1,T261,M210,48160002,ارائه دهنده خدمات اینترنت,2000000,21600,Verified,Verified,,PSP-03,BANK-12,CARD-216028,Manual,152,99,2026-01-03 21:00:31,2026-01-03 21:00:33,2026-01-03 21:01:55,2026-01-03 21:01:55,2026-01-03 21:30:31
1789927,1,T261,M210,48160002,ارائه دهنده خدمات اینترنت,1000000,13600,Failed,InBank,,PSP-03,,,Manual,103,,2026-01-03 21:31:10,2026-01-03 21:31:12,,,2026-01-03 22:01:10
1845077,0,T261,M210,48160002,ارائه دهنده خدمات اینترنت,500000,9600,Failed,NoAttempt,,,,,Manual,,,2026-01-03 21:31:50,,,,2026-01-03 22:01:50
24883,0,T261,M210,48160002,ارائه دهنده خدمات اینترنت,500000,9600,Failed,NoAttempt,,,,,Manual,,,2026-01-03 21:31:54,,,,2026-01-03 22:01:54
70864,1,T261,M210,48160002,ارائه دهنده خدمات اینترنت,500000,9600,Failed,InBank,,PSP-03,,,Manual,82,,2026-01-03 21:31:59,2026-01-03 21:32:01,,,2026-01-03 22:01:59
1274213,1,T261,M210,48160002,ارائه دهنده خدمات اینترنت,1000000,13600,Failed,InBank,,PSP-03,,,Manual,163,,2026-01-03 21:32:25,2026-01-03 21:32:26,,,2026-01-03 22:02:25
1155683,1,T261,M210,48160002,ارائه دهنده خدمات اینترنت,500000,9600,Verified,Verified,,PSP-03,BANK-25,CARD-318236,Manual,163,200,2026-01-03 21:32:34,2026-01-03 21:32:34,2026-01-03 21:35:51,2026-01-03 21:35:51,2026-01-03 22:02:33
1311646,1,T261,M210,48160002,ارائه دهنده خدمات اینترنت,500000,9600,Verified,Verified,,PSP-03,BANK-31,CARD-350753,Manual,82,87,2026-01-03 22:06:00,2026-01-03 22:06:01,2026-01-03 22:07:46,2026-01-03 22:07:46,2026-01-03 22:36:00
1650993,1,T261,M210,48160002,ارائه دهنده خدمات اینترنت,1000000,13600,Failed,InBank,,PSP-03,,,Manual,107,,2026-01-03 22:10:42,2026-01-03 22:10:43,,,2026-01-03 22:40:42
1394633,1,T261,M210,48160002,ارائه دهنده خدمات اینترنت,1000000,13600,Failed,InBank,,PSP-03,,,Manual,116,,2026-01-03 22:12:30,2026-01-03 22:12:30,,,2026-01-03 22:42:30
1205933,1,T261,M210,48160002,ارائه دهنده خدمات اینترنت,1000000,13600,Failed,InBank,,PSP-03,,,Manual,70,,2026-01-03 22:13:25,2026-01-03 22:13:25,,,2026-01-03 22:43:25
1975064,1,T261,M210,48160002,ارائه دهنده خدمات اینترنت,1320000,16160,Failed,InBank,,PSP-03,,,Manual,140,,2026-01-03 22:17:51,2026-01-03 22:17:53,,,2026-01-03 22:47:51
449386,1,T261,M210,48160002,ارائه دهنده خدمات اینترنت,170000,6960,Verified,Verified,,PSP-03,BANK-31,CARD-98633,Manual,129,86,2026-01-03 22:23:27,2026-01-03 22:23:28,2026-01-03 22:24:46,2026-01-03 22:24:46,2026-01-03 22:53:27
616615,1,T261,M210,48160002,ارائه دهنده خدمات اینترنت,2700000,27200,Verified,Verified,,PSP-03,BANK-19,CARD-29362,Manual,183,195,2026-01-03 23:43:37,2026-01-03 23:43:38,2026-01-03 23:44:14,2026-01-03 23:44:14,2026-01-04 00:13:37
59616,1,T261,M210,48160002,ارائه دهنده خدمات اینترنت,2000000,21600,Failed,InBank,,PSP-03,,,Manual,75,,2026-01-03 23:56:16,2026-01-03 23:56:17,,,2026-01-04 00:26:16
931241,1,T261,M210,48160002,ارائه دهنده خدمات اینترنت,1000000,13600,Verified,Verified,,PSP-03,BANK-12,CARD-301918,Manual,91,146,2026-01-04 00:01:21,2026-01-04 00:01:23,2026-01-04 00:03:17,2026-01-04 00:03:17,2026-01-04 00:31:21
688299,0,T261,M210,48160002,ارائه دهنده خدمات اینترنت,1000000,13600,Failed,NoAttempt,,,,,Manual,,,2026-01-04 00:01:23,,,,2026-01-04 00:31:22
1346609,1,T261,M210,48160002,ارائه دهنده خدمات اینترنت,1000000,13600,Verified,Verified,,PSP-03,BANK-12,CARD-167649,Manual,119,184,2026-01-04 00:10:59,2026-01-04 00:11:00,2026-01-04 00:11:57,2026-01-04 00:11:57,2026-01-04 00:40:59
299287,1,T261,M210,48160002,ارائه دهنده خدمات اینترنت,1000000,13600,Verified,Verified,,PSP-03,BANK-29,CARD-33850,Manual,211,141,2026-01-04 00:40:45,2026-01-04 00:40:46,2026-01-04 00:41:24,2026-01-04 00:41:24,2026-01-04 01:10:45
878653,1,T261,M210,48160002,ارائه دهنده خدمات اینترنت,1000000,13600,Verified,Verified,,PSP-03,BANK-16,CARD-216752,Manual,91,113,2026-01-04 01:11:38,2026-01-04 01:11:39,2026-01-04 01:12:16,2026-01-04 01:12:16,2026-01-04 01:41:38
1174989,1,T261,M210,48160002,ارائه دهنده خدمات اینترنت,1000000,13600,Verified,Verified,,PSP-03,BANK-13,CARD-193225,Manual,72,141,2026-01-04 01:51:48,2026-01-04 01:51:49,2026-01-04 01:52:17,2026-01-04 01:52:17,2026-01-04 02:21:48
1041438,1,T261,M210,48160002,ارائه دهنده خدمات اینترنت,1000000,13600,Verified,Verified,,PSP-03,BANK-31,CARD-319820,Manual,127,255,2026-01-04 02:01:56,2026-01-04 02:01:57,2026-01-04 02:04:03,2026-01-04 02:04:03,2026-01-04 02:31:56
1601164,1,T261,M210,48160002,ارائه دهنده خدمات اینترنت,170000,6960,Failed,InBank,,PSP-03,,,Manual,152,,2026-01-04 02:37:18,2026-01-04 02:37:19,,,2026-01-04 03:07:18
1309461,1,T261,M210,48160002,ارائه دهنده خدمات اینترنت,170000,6960,Verified,Verified,,PSP-03,BANK-23,CARD-293368,Manual,75,89,2026-01-04 02:38:42,2026-01-04 02:38:43,2026-01-04 02:39:04,2026-01-04 02:39:03,2026-01-04 03:08:42
999427,1,T261,M210,48160002,ارائه دهنده خدمات اینترنت,1000000,13600,Failed,InBank,,PSP-03,,,Manual,109,,2026-01-04 03:30:06,2026-01-04 03:30:07,,,2026-01-04 04:00:06
1550921,1,T261,M210,48160002,ارائه دهنده خدمات اینترنت,1000000,13600,Verified,Verified,,PSP-03,BANK-18,CARD-128282,Manual,75,134,2026-01-04 03:47:40,2026-01-04 03:47:42,2026-01-04 03:48:37,2026-01-04 03:48:37,2026-01-04 04:17:40
1953960,1,T261,M210,48160002,ارائه دهنده خدمات اینترنت,1000000,13600,Verified,Verified,,PSP-03,BANK-27,CARD-228788,Manual,185,93,2026-01-04 05:39:36,2026-01-04 05:39:37,2026-01-04 05:40:26,2026-01-04 05:40:26,2026-01-04 06:09:36
1328893,1,T261,M210,48160002,ارائه دهنده خدمات اینترنت,1000000,13600,Verified,Verified,,PSP-03,BANK-27,CARD-146765,Manual,144,240,2026-01-04 05:54:50,2026-01-04 05:54:52,2026-01-04 05:55:46,2026-01-04 05:55:46,2026-01-04 06:24:50
1688156,1,T261,M210,48160002,ارائه دهنده خدمات اینترنت,1000000,13600,Verified,Verified,,PSP-03,BANK-18,CARD-23965,Manual,273,176,2026-01-04 07:44:00,2026-01-04 07:44:01,2026-01-04 07:45:06,2026-01-04 07:45:06,2026-01-04 08:14:00
380625,1,T261,M210,48160002,ارائه دهنده خدمات اینترنت,1000000,13600,Verified,Verified,,PSP-03,BANK-31,CARD-103921,Manual,108,201,2026-01-04 10:29:35,2026-01-04 10:29:36,2026-01-04 10:30:42,2026-01-04 10:30:42,2026-01-04 10:59:35
1217945,1,T261,M210,48160002,ارائه دهنده خدمات اینترنت,1000000,13600,Verified,Verified,,PSP-03,BANK-14,CARD-331593,Manual,164,103,2026-01-04 10:33:10,2026-01-04 10:33:11,2026-01-04 10:33:57,2026-01-04 10:33:57,2026-01-04 11:03:09
1307875,1,T261,M210,48160002,ارائه دهنده خدمات اینترنت,2000000,21600,Verified,Verified,,PSP-03,BANK-12,CARD-216028,Manual,94,87,2026-01-04 10:44:59,2026-01-04 10:45:01,2026-01-04 10:45:53,2026-01-04 10:45:53,2026-01-04 11:14:59
1365487,1,T261,M210,48160002,ارائه دهنده خدمات اینترنت,5000000,45600,Verified,Verified,,PSP-03,BANK-18,CARD-304882,Manual,82,103,2026-01-04 10:57:20,2026-01-04 10:57:21,2026-01-04 10:58:02,2026-01-04 10:58:02,2026-01-04 11:27:20
1515571,1,T261,M210,48160002,ارائه دهنده خدمات اینترنت,500000,9600,Verified,Verified,,PSP-03,BANK-14,CARD-168310,Manual,186,102,2026-01-04 11:12:39,2026-01-04 11:12:42,2026-01-04 11:13:13,2026-01-04 11:13:13,2026-01-04 11:42:39
1869249,1,T261,M210,48160002,ارائه دهنده خدمات اینترنت,2000000,21600,Failed,InBank,,PSP-03,,,Manual,193,,2026-01-04 11:35:24,2026-01-04 11:35:25,,,2026-01-04 12:05:24
1117444,1,T261,M210,48160002,ارائه دهنده خدمات اینترنت,1000000,13600,Verified,Verified,,PSP-03,BANK-18,CARD-112339,Manual,86,100,2026-01-04 11:40:54,2026-01-04 11:40:56,2026-01-04 11:41:39,2026-01-04 11:41:39,2026-01-04 12:10:54
1521314,1,T261,M210,48160002,ارائه دهنده خدمات اینترنت,2000000,21600,Failed,InBank,,PSP-03,,,Manual,83,,2026-01-04 11:43:04,2026-01-04 11:43:06,,,2026-01-04 12:13:04
1716970,1,T261,M210,48160002,ارائه دهنده خدمات اینترنت,2000000,21600,Verified,Verified,,PSP-03,BANK-19,CARD-177483,Manual,185,107,2026-01-04 12:08:22,2026-01-04 12:08:24,2026-01-04 12:09:16,2026-01-04 12:09:16,2026-01-04 12:38:22
1655720,1,T261,M210,48160002,ارائه دهنده خدمات اینترنت,1000000,13600,Verified,Verified,,PSP-03,BANK-11,CARD-163501,Manual,176,168,2026-01-04 12:13:10,2026-01-04 12:13:11,2026-01-04 12:13:40,2026-01-04 12:13:40,2026-01-04 12:43:10
798814,1,T261,M210,48160002,ارائه دهنده خدمات اینترنت,1000000,13600,Verified,Verified,,PSP-03,BANK-18,CARD-397823,Manual,97,109,2026-01-04 12:50:20,2026-01-04 12:50:21,2026-01-04 12:51:10,2026-01-04 12:51:10,2026-01-04 13:20:20
711368,1,T261,M210,48160002,ارائه دهنده خدمات اینترنت,1000000,13600,Failed,InBank,PSP-03:59,PSP-03,,,Manual,95,,2026-01-04 13:02:47,2026-01-04 13:02:52,,,2026-01-04 13:32:48
1700279,0,T261,M210,48160002,ارائه دهنده خدمات اینترنت,1000000,13600,Failed,NoAttempt,,,,,Manual,,,2026-01-04 13:02:54,,,,2026-01-04 13:32:54
1844063,1,T261,M210,48160002,ارائه دهنده خدمات اینترنت,1000000,13600,Verified,Verified,,PSP-03,BANK-08,CARD-95979,Manual,148,134,2026-01-04 13:11:27,2026-01-04 13:11:28,2026-01-04 13:12:19,2026-01-04 13:12:19,2026-01-04 13:41:27
1894266,1,T261,M210,48160002,ارائه دهنده خدمات اینترنت,1000000,13600,Verified,Verified,,PSP-03,BANK-18,CARD-20486,Manual,155,88,2026-01-04 13:18:30,2026-01-04 13:18:30,2026-01-04 13:19:22,2026-01-04 13:19:22,2026-01-04 13:48:30
196165,1,T261,M210,48160002,ارائه دهنده خدمات اینترنت,1000000,13600,Verified,Verified,,PSP-03,BANK-27,CARD-392415,Manual,177,96,2026-01-04 13:23:42,2026-01-04 13:23:43,2026-01-04 13:25:20,2026-01-04 13:25:20,2026-01-04 13:53:42
1496823,1,T261,M210,48160002,ارائه دهنده خدمات اینترنت,1000000,13600,Failed,InBank,,PSP-03,,,Manual,213,,2026-01-04 13:47:04,2026-01-04 13:47:06,,,2026-01-04 14:17:05
576011,1,T261,M210,48160002,ارائه دهنده خدمات اینترنت,1160000,14880,Verified,Verified,,PSP-03,BANK-13,CARD-27363,Manual,88,77,2026-01-04 14:16:01,2026-01-04 14:16:07,2026-01-04 14:17:05,2026-01-04 14:17:05,2026-01-04 14:46:01
608413,0,T261,M210,48160002,ارائه دهنده خدمات اینترنت,1160000,14880,Failed,NoAttempt,,,,,Manual,,,2026-01-04 14:16:07,,,,2026-01-04 14:46:07
1342110,1,T261,M210,48160002,ارائه دهنده خدمات اینترنت,2000000,21600,Verified,Verified,,PSP-03,BANK-16,CARD-92506,Manual,220,183,2026-01-04 14:18:27,2026-01-04 14:18:29,2026-01-04 14:19:13,2026-01-04 14:19:13,2026-01-04 14:48:27
1800329,1,T261,M210,48160002,ارائه دهنده خدمات اینترنت,1000000,13600,Verified,Verified,,PSP-03,BANK-31,CARD-151671,Manual,107,134,2026-01-04 14:27:57,2026-01-04 14:27:58,2026-01-04 14:28:43,2026-01-04 14:28:43,2026-01-04 14:57:57
1234725,1,T261,M210,48160002,ارائه دهنده خدمات اینترنت,1000000,13600,Failed,InBank,PSP-03:59,PSP-03,,,Manual,109,,2026-01-04 14:41:57,2026-01-04 14:41:58,,,2026-01-04 15:11:57
847689,1,T261,M210,48160002,ارائه دهنده خدمات اینترنت,1000000,13600,Verified,Verified,,PSP-03,BANK-16,CARD-39259,Manual,74,75,2026-01-04 14:44:18,2026-01-04 14:44:19,2026-01-04 14:45:19,2026-01-04 14:45:19,2026-01-04 15:14:18
410632,1,T261,M210,48160002,ارائه دهنده خدمات اینترنت,1000000,13600,Verified,Verified,,PSP-03,BANK-16,CARD-39259,Manual,106,133,2026-01-04 14:46:09,2026-01-04 14:46:10,2026-01-04 14:46:56,2026-01-04 14:46:56,2026-01-04 15:16:09
426027,1,T261,M210,48160002,ارائه دهنده خدمات اینترنت,1000000,13600,Verified,Verified,,PSP-03,BANK-18,CARD-104272,Manual,67,110,2026-01-04 14:53:34,2026-01-04 14:53:35,2026-01-04 14:54:57,2026-01-04 14:54:57,2026-01-04 15:23:34
1390665,1,T261,M210,48160002,ارائه دهنده خدمات اینترنت,1900000,20800,Verified,Verified,,PSP-03,BANK-24,CARD-275917,Manual,175,173,2026-01-04 15:17:44,2026-01-04 15:17:46,2026-01-04 15:18:19,2026-01-04 15:18:19,2026-01-04 15:47:44
1860868,1,T261,M210,48160002,ارائه دهنده خدمات اینترنت,1000000,13600,Verified,Verified,,PSP-03,BANK-17,CARD-382434,Manual,241,160,2026-01-04 15:54:40,2026-01-04 15:54:41,2026-01-04 15:55:55,2026-01-04 15:55:55,2026-01-04 16:24:40
400,1,T261,M210,48160002,ارائه دهنده خدمات اینترنت,1000000,13600,Verified,Verified,,PSP-03,BANK-14,CARD-354255,Manual,165,90,2026-01-04 16:49:58,2026-01-04 16:49:58,2026-01-04 16:53:00,2026-01-04 16:53:00,2026-01-04 17:19:58
621984,1,T261,M210,48160002,ارائه دهنده خدمات اینترنت,1000000,13600,Verified,Verified,,PSP-03,BANK-18,CARD-339861,Manual,88,75,2026-01-04 17:10:01,2026-01-04 17:10:02,2026-01-04 17:10:52,2026-01-04 17:10:52,2026-01-04 17:40:01
1416304,1,T261,M210,48160002,ارائه دهنده خدمات اینترنت,1000000,13600,Verified,Verified,,PSP-03,BANK-14,CARD-280133,Manual,89,88,2026-01-04 17:19:07,2026-01-04 17:19:09,2026-01-04 17:19:36,2026-01-04 17:19:36,2026-01-04 17:49:07
221351,1,T261,M210,48160002,ارائه دهنده خدمات اینترنت,6000000,53600,Verified,Verified,,PSP-03,BANK-27,CARD-12603,Manual,79,70,2026-01-04 18:17:42,2026-01-04 18:17:44,2026-01-04 18:18:29,2026-01-04 18:18:29,2026-01-04 18:47:42
945370,1,T261,M210,48160002,ارائه دهنده خدمات اینترنت,4700000,43200,Verified,Verified,,PSP-03,BANK-13,CARD-230734,Manual,125,93,2026-01-04 18:42:27,2026-01-04 18:42:28,2026-01-04 18:43:13,2026-01-04 18:43:13,2026-01-04 19:12:27
985336,1,T261,M210,48160002,ارائه دهنده خدمات اینترنت,1000000,13600,Verified,Verified,,PSP-03,BANK-23,CARD-182818,Manual,198,160,2026-01-04 18:59:00,2026-01-04 18:59:01,2026-01-04 18:59:34,2026-01-04 18:59:34,2026-01-04 19:29:00
1911014,1,T261,M210,48160002,ارائه دهنده خدمات اینترنت,2700000,27200,Verified,Verified,,PSP-03,BANK-31,CARD-43207,Manual,116,67,2026-01-04 19:23:38,2026-01-04 19:23:39,2026-01-04 19:25:54,2026-01-04 19:25:54,2026-01-04 19:53:38
174969,1,T261,M210,48160002,ارائه دهنده خدمات اینترنت,1000000,13600,Verified,Verified,,PSP-03,BANK-14,CARD-395177,Manual,88,233,2026-01-04 19:45:57,2026-01-04 19:45:57,2026-01-04 19:49:09,2026-01-04 19:49:09,2026-01-04 20:15:57
920443,1,T261,M210,48160002,ارائه دهنده خدمات اینترنت,1000000,13600,Verified,Verified,,PSP-03,BANK-14,CARD-395177,Manual,100,101,2026-01-04 19:50:38,2026-01-04 19:50:41,2026-01-04 19:51:35,2026-01-04 19:51:35,2026-01-04 20:20:39
573469,1,T261,M210,48160002,ارائه دهنده خدمات اینترنت,340000,8320,Verified,Verified,,PSP-03,BANK-14,CARD-259074,Manual,135,93,2026-01-04 20:26:21,2026-01-04 20:26:22,2026-01-04 20:27:45,2026-01-04 20:27:44,2026-01-04 20:56:21
1962353,1,T261,M210,48160002,ارائه دهنده خدمات اینترنت,1000000,13600,Failed,InBank,,PSP-03,,,Manual,76,,2026-01-04 20:29:46,2026-01-04 20:29:47,,,2026-01-04 20:59:46
388899,1,T261,M210,48160002,ارائه دهنده خدمات اینترنت,1000000,13600,Verified,Verified,,PSP-03,BANK-31,CARD-81376,Manual,119,77,2026-01-04 20:52:34,2026-01-04 20:52:35,2026-01-04 20:53:13,2026-01-04 20:53:13,2026-01-04 21:22:34
152441,1,T261,M210,48160002,ارائه دهنده خدمات اینترنت,1000000,13600,Verified,Verified,,PSP-03,BANK-29,CARD-241018,Manual,242,96,2026-01-04 21:34:37,2026-01-04 21:34:38,2026-01-04 21:36:20,2026-01-04 21:36:20,2026-01-04 22:04:37
129652,1,T261,M210,48160002,ارائه دهنده خدمات اینترنت,1000000,13600,Verified,Verified,,PSP-03,BANK-26,CARD-336714,Manual,161,222,2026-01-04 21:37:06,2026-01-04 21:37:09,2026-01-04 21:38:27,2026-01-04 21:38:27,2026-01-04 22:07:07
1336837,1,T261,M210,48160002,ارائه دهنده خدمات اینترنت,1000000,13600,Verified,Verified,,PSP-03,BANK-14,CARD-345010,Manual,210,96,2026-01-04 21:42:43,2026-01-04 21:42:45,2026-01-04 21:43:26,2026-01-04 21:43:26,2026-01-04 22:12:43
1207606,1,T261,M210,48160002,ارائه دهنده خدمات اینترنت,1000000,13600,Verified,Verified,,PSP-03,BANK-18,CARD-226151,Manual,127,64,2026-01-04 23:01:11,2026-01-04 23:01:12,2026-01-04 23:02:48,2026-01-04 23:02:48,2026-01-04 23:31:11
490109,1,T261,M210,48160002,ارائه دهنده خدمات اینترنت,1000000,13600,Verified,Verified,,PSP-03,BANK-11,CARD-244603,Manual,85,86,2026-01-04 23:07:45,2026-01-04 23:07:47,2026-01-04 23:09:24,2026-01-04 23:09:23,2026-01-04 23:37:45
1117527,1,T261,M210,48160002,ارائه دهنده خدمات اینترنت,1000000,13600,Verified,Verified,,PSP-03,BANK-21,CARD-310642,Manual,77,75,2026-01-04 23:20:52,2026-01-04 23:20:53,2026-01-04 23:21:34,2026-01-04 23:21:34,2026-01-04 23:50:52
1006549,1,T261,M210,48160002,ارائه دهنده خدمات اینترنت,1000000,13600,Verified,Verified,,PSP-03,BANK-18,CARD-312970,Manual,109,144,2026-01-05 00:04:28,2026-01-05 00:04:39,2026-01-05 00:05:32,2026-01-05 00:05:32,2026-01-05 00:34:28
1640428,1,T261,M210,48160002,ارائه دهنده خدمات اینترنت,1000000,13600,Verified,Verified,,PSP-03,BANK-12,CARD-89718,Manual,204,171,2026-01-05 00:42:32,2026-01-05 00:42:33,2026-01-05 00:43:13,2026-01-05 00:43:13,2026-01-05 01:12:32
1261314,1,T261,M210,48160002,ارائه دهنده خدمات اینترنت,1000000,13600,Verified,Verified,,PSP-03,BANK-18,CARD-161626,Manual,205,184,2026-01-05 01:04:28,2026-01-05 01:04:29,2026-01-05 01:05:09,2026-01-05 01:05:09,2026-01-05 01:34:28
1306390,1,T261,M210,48160002,ارائه دهنده خدمات اینترنت,1000000,13600,Verified,Verified,,PSP-03,BANK-31,CARD-359416,Manual,174,88,2026-01-05 01:29:50,2026-01-05 01:29:51,2026-01-05 01:30:35,2026-01-05 01:30:35,2026-01-05 01:59:50
1252410,1,T261,M210,48160002,ارائه دهنده خدمات اینترنت,1000000,13600,Verified,Verified,,PSP-03,BANK-18,CARD-306879,Manual,83,65,2026-01-05 02:47:01,2026-01-05 02:47:03,2026-01-05 02:49:41,2026-01-05 02:49:41,2026-01-05 03:17:01
2055097,1,T261,M210,48160002,ارائه دهنده خدمات اینترنت,1000000,13600,Verified,Verified,,PSP-03,BANK-29,CARD-182302,Manual,234,259,2026-01-05 03:25:39,2026-01-05 03:25:40,2026-01-05 03:26:05,2026-01-05 03:26:05,2026-01-05 03:55:39
774978,1,T261,M210,48160002,ارائه دهنده خدمات اینترنت,1000000,13600,Verified,Verified,,PSP-03,BANK-14,CARD-228518,Manual,87,88,2026-01-05 04:31:30,2026-01-05 04:31:32,2026-01-05 04:32:51,2026-01-05 04:32:51,2026-01-05 05:01:31
913554,1,T261,M210,48160002,ارائه دهنده خدمات اینترنت,1900000,20800,Verified,Verified,,PSP-03,BANK-27,CARD-191274,Manual,207,205,2026-01-05 08:11:24,2026-01-05 08:11:25,2026-01-05 08:11:56,2026-01-05 08:11:56,2026-01-05 08:41:24
367553,1,T261,M210,48160002,ارائه دهنده خدمات اینترنت,1000000,13600,Verified,Verified,,PSP-03,BANK-12,CARD-353478,Manual,213,186,2026-01-05 08:12:30,2026-01-05 08:12:32,2026-01-05 08:13:05,2026-01-05 08:13:05,2026-01-05 08:42:30
499128,1,T261,M210,48160002,ارائه دهنده خدمات اینترنت,1000000,13600,Failed,InBank,,PSP-03,,,Manual,167,,2026-01-05 08:17:50,2026-01-05 08:17:51,,,2026-01-05 08:47:50
14309,1,T261,M210,48160002,ارائه دهنده خدمات اینترنت,1000000,13600,Verified,Verified,,PSP-03,BANK-24,CARD-34598,Manual,184,94,2026-01-05 08:17:59,2026-01-05 08:18:00,2026-01-05 08:19:22,2026-01-05 08:19:22,2026-01-05 08:47:59
217893,1,T261,M210,48160002,ارائه دهنده خدمات اینترنت,1000000,13600,Verified,Verified,,PSP-03,BANK-31,CARD-17119,Manual,100,88,2026-01-05 09:15:55,2026-01-05 09:15:56,2026-01-05 09:16:50,2026-01-05 09:16:50,2026-01-05 09:45:55
1265099,1,T261,M210,48160002,ارائه دهنده خدمات اینترنت,1000000,13600,Verified,Verified,,PSP-03,BANK-29,CARD-37537,Manual,156,223,2026-01-05 09:22:11,2026-01-05 09:22:12,2026-01-05 09:24:29,2026-01-05 09:24:29,2026-01-05 09:52:11
393805,1,T261,M210,48160002,ارائه دهنده خدمات اینترنت,1000000,13600,Verified,Verified,,PSP-03,BANK-18,CARD-3912,Manual,158,198,2026-01-05 09:32:09,2026-01-05 09:32:10,2026-01-05 09:34:25,2026-01-05 09:34:25,2026-01-05 10:02:09
737957,1,T261,M210,48160002,ارائه دهنده خدمات اینترنت,1000000,13600,Verified,Verified,,PSP-03,BANK-22,CARD-331419,Manual,186,132,2026-01-05 09:47:50,2026-01-05 09:47:51,2026-01-05 09:48:36,2026-01-05 09:48:36,2026-01-05 10:17:50
243091,1,T261,M210,48160002,ارائه دهنده خدمات اینترنت,1000000,13600,Verified,Verified,,PSP-03,BANK-23,CARD-182818,Manual,92,87,2026-01-05 11:19:16,2026-01-05 11:19:17,2026-01-05 11:19:56,2026-01-05 11:19:56,2026-01-05 11:49:16
1342399,1,T261,M210,48160002,ارائه دهنده خدمات اینترنت,5000000,45600,Verified,Verified,,PSP-03,BANK-14,CARD-31256,Manual,170,71,2026-01-05 11:27:37,2026-01-05 11:27:40,2026-01-05 11:29:23,2026-01-05 11:29:23,2026-01-05 11:57:37
396981,1,T261,M210,48160002,ارائه دهنده خدمات اینترنت,1000000,13600,Failed,InBank,,PSP-03,,,Manual,149,,2026-01-05 11:30:40,2026-01-05 11:30:41,,,2026-01-05 12:00:40
186321,1,T261,M210,48160002,ارائه دهنده خدمات اینترنت,1000000,13600,Verified,Verified,,PSP-03,BANK-13,CARD-326429,Manual,143,96,2026-01-05 11:30:53,2026-01-05 11:30:54,2026-01-05 11:31:33,2026-01-05 11:31:33,2026-01-05 12:00:53
1301325,1,T261,M210,48160002,ارائه دهنده خدمات اینترنت,1000000,13600,Verified,Verified,,PSP-03,BANK-14,CARD-205262,Manual,130,112,2026-01-05 11:38:19,2026-01-05 11:38:20,2026-01-05 11:38:54,2026-01-05 11:38:54,2026-01-05 12:08:19
110070,1,T261,M210,48160002,ارائه دهنده خدمات اینترنت,500000,9600,Verified,Verified,,PSP-03,BANK-17,CARD-276943,Manual,96,102,2026-01-05 12:54:22,2026-01-05 12:54:25,2026-01-05 12:55:21,2026-01-05 12:55:21,2026-01-05 13:24:22
1686395,1,T261,M210,48160002,ارائه دهنده خدمات اینترنت,5000000,45600,Verified,Verified,,PSP-03,BANK-13,CARD-230734,Manual,75,254,2026-01-05 13:06:56,2026-01-05 13:06:57,2026-01-05 13:07:43,2026-01-05 13:07:43,2026-01-05 13:36:56
558604,1,T261,M210,48160002,ارائه دهنده خدمات اینترنت,5000000,45600,Verified,Verified,,PSP-03,BANK-18,CARD-304882,Manual,161,201,2026-01-05 13:33:49,2026-01-05 13:33:51,2026-01-05 13:34:28,2026-01-05 13:34:28,2026-01-05 14:03:49
146155,1,T261,M210,48160002,ارائه دهنده خدمات اینترنت,4000000,37600,Verified,Verified,,PSP-03,BANK-23,CARD-7288,Manual,141,64,2026-01-05 13:40:25,2026-01-05 13:40:26,2026-01-05 13:40:57,2026-01-05 13:40:57,2026-01-05 14:10:25
723063,1,T261,M210,48160002,ارائه دهنده خدمات اینترنت,1000000,13600,Failed,InBank,PSP-03:51,PSP-03,,,Manual,105,,2026-01-05 13:59:05,2026-01-05 13:59:06,,,2026-01-05 14:29:05
583546,1,T261,M210,48160002,ارائه دهنده خدمات اینترنت,1000000,13600,Verified,Verified,,PSP-03,BANK-14,CARD-267697,Manual,99,79,2026-01-05 14:00:29,2026-01-05 14:00:30,2026-01-05 14:01:23,2026-01-05 14:01:23,2026-01-05 14:30:29
1727106,1,T261,M210,48160002,ارائه دهنده خدمات اینترنت,1000000,13600,Verified,Verified,,PSP-03,BANK-14,CARD-97219,Manual,134,99,2026-01-05 14:33:32,2026-01-05 14:33:33,2026-01-05 14:35:10,2026-01-05 14:35:10,2026-01-05 15:03:32
1607815,1,T261,M210,48160002,ارائه دهنده خدمات اینترنت,1000000,13600,Verified,Verified,,PSP-03,BANK-29,CARD-274126,Manual,203,89,2026-01-05 14:38:11,2026-01-05 14:38:13,2026-01-05 14:38:52,2026-01-05 14:38:52,2026-01-05 15:08:11
1298189,1,T261,M210,48160002,ارائه دهنده خدمات اینترنت,2700000,27200,Verified,Verified,,PSP-03,BANK-29,CARD-298237,Manual,257,85,2026-01-05 14:40:01,2026-01-05 14:40:03,2026-01-05 14:40:42,2026-01-05 14:40:42,2026-01-05 15:10:01
664217,1,T261,M210,48160002,ارائه دهنده خدمات اینترنت,1000000,13600,Verified,Verified,,PSP-03,BANK-14,CARD-78112,Manual,105,202,2026-01-05 15:01:45,2026-01-05 15:01:46,2026-01-05 15:02:22,2026-01-05 15:02:22,2026-01-05 15:31:45
1304532,1,T261,M210,48160002,ارائه دهنده خدمات اینترنت,1000000,13600,Failed,InBank,PSP-03:56,PSP-03,,,Manual,96,,2026-01-05 15:28:08,2026-01-05 15:28:09,,,2026-01-05 15:58:08
629129,1,T261,M210,48160002,ارائه دهنده خدمات اینترنت,1000000,13600,Verified,Verified,,PSP-03,BANK-14,CARD-359389,Manual,145,171,2026-01-05 15:30:35,2026-01-05 15:30:36,2026-01-05 15:31:19,2026-01-05 15:31:19,2026-01-05 16:00:35
129218,1,T261,M210,48160002,ارائه دهنده خدمات اینترنت,1000000,13600,Failed,InBank,,PSP-03,,,Manual,88,,2026-01-05 16:06:29,2026-01-05 16:06:30,,,2026-01-05 16:36:29
823141,1,T261,M210,48160002,ارائه دهنده خدمات اینترنت,1470000,17360,Verified,Verified,,PSP-03,BANK-19,CARD-102687,Manual,109,73,2026-01-05 16:06:57,2026-01-05 16:06:57,2026-01-05 16:07:28,2026-01-05 16:07:28,2026-01-05 16:36:58
2428,1,T261,M210,48160002,ارائه دهنده خدمات اینترنت,1000000,13600,Verified,Verified,,PSP-03,BANK-18,CARD-43688,Manual,107,108,2026-01-05 17:14:06,2026-01-05 17:14:07,2026-01-05 17:14:50,2026-01-05 17:14:50,2026-01-05 17:44:06
1854117,1,T261,M210,48160002,ارائه دهنده خدمات اینترنت,1000000,13600,Verified,Verified,,PSP-03,BANK-18,CARD-106000,Manual,187,134,2026-01-05 17:26:27,2026-01-05 17:26:28,2026-01-05 17:26:53,2026-01-05 17:26:53,2026-01-05 17:56:27
1387782,1,T261,M210,48160002,ارائه دهنده خدمات اینترنت,1000000,13600,Failed,InBank,,PSP-03,,,Manual,168,,2026-01-05 17:28:27,2026-01-05 17:28:29,,,2026-01-05 17:58:27
610105,1,T261,M210,48160002,ارائه دهنده خدمات اینترنت,1470000,17360,Verified,Verified,,PSP-03,BANK-14,CARD-181847,Manual,76,75,2026-01-05 17:30:10,2026-01-05 17:30:11,2026-01-05 17:30:37,2026-01-05 17:30:37,2026-01-05 18:00:10
1061740,1,T261,M210,48160002,ارائه دهنده خدمات اینترنت,2000000,21600,Verified,Verified,,PSP-03,BANK-12,CARD-216028,Manual,86,109,2026-01-05 17:49:53,2026-01-05 17:49:54,2026-01-05 17:50:48,2026-01-05 17:50:48,2026-01-05 18:19:53
522899,1,T261,M210,48160002,ارائه دهنده خدمات اینترنت,1000000,13600,Verified,Verified,,PSP-03,BANK-18,CARD-329420,Manual,201,74,2026-01-05 18:07:02,2026-01-05 18:07:04,2026-01-05 18:09:05,2026-01-05 18:09:05,2026-01-05 18:37:02
729881,1,T261,M210,48160002,ارائه دهنده خدمات اینترنت,170000,6960,Verified,Verified,,PSP-03,BANK-14,CARD-249564,Manual,74,193,2026-01-05 18:23:26,2026-01-05 18:23:28,2026-01-05 18:24:08,2026-01-05 18:24:08,2026-01-05 18:53:26
441884,1,T261,M210,48160002,ارائه دهنده خدمات اینترنت,2000000,21600,Verified,Verified,,PSP-03,BANK-12,CARD-216028,Manual,170,196,2026-01-05 19:56:52,2026-01-05 19:56:53,2026-01-05 20:01:13,2026-01-05 20:01:13,2026-01-05 20:26:52
253364,1,T261,M210,48160002,ارائه دهنده خدمات اینترنت,1000000,13600,Verified,Verified,,PSP-03,BANK-14,CARD-284284,Manual,81,92,2026-01-05 20:25:32,2026-01-05 20:25:33,2026-01-05 20:26:41,2026-01-05 20:26:41,2026-01-05 20:55:32
775475,1,T261,M210,48160002,ارائه دهنده خدمات اینترنت,1000000,13600,Verified,Verified,,PSP-03,BANK-17,CARD-229579,Manual,219,99,2026-01-05 21:30:02,2026-01-05 21:30:04,2026-01-05 21:30:38,2026-01-05 21:30:38,2026-01-05 22:00:02
1092927,1,T261,M210,48160002,ارائه دهنده خدمات اینترنت,1000000,13600,Verified,Verified,,PSP-03,BANK-14,CARD-252933,Manual,99,107,2026-01-05 21:36:57,2026-01-05 21:36:58,2026-01-05 21:37:35,2026-01-05 21:37:35,2026-01-05 22:06:57
150127,1,T261,M210,48160002,ارائه دهنده خدمات اینترنت,1000000,13600,Verified,Verified,,PSP-03,BANK-11,CARD-163501,Manual,139,92,2026-01-05 22:12:41,2026-01-05 22:12:41,2026-01-05 22:13:15,2026-01-05 22:13:15,2026-01-05 22:42:41
1287506,1,T261,M210,48160002,ارائه دهنده خدمات اینترنت,2000000,21600,Verified,Verified,,PSP-03,BANK-23,CARD-182818,Manual,165,84,2026-01-05 23:23:34,2026-01-05 23:23:36,2026-01-05 23:24:16,2026-01-05 23:24:16,2026-01-05 23:53:34
1967837,1,T261,M210,48160002,ارائه دهنده خدمات اینترنت,1000000,13600,Verified,Verified,,PSP-03,BANK-27,CARD-166678,Manual,70,72,2026-01-05 23:28:14,2026-01-05 23:28:15,2026-01-05 23:28:55,2026-01-05 23:28:55,2026-01-05 23:58:14
1736728,1,T261,M210,48160002,ارائه دهنده خدمات اینترنت,1000000,13600,Verified,Verified,,PSP-03,BANK-14,CARD-33639,Manual,149,74,2026-01-05 23:33:15,2026-01-05 23:33:16,2026-01-05 23:34:01,2026-01-05 23:34:01,2026-01-06 00:03:15
713505,1,T261,M210,48160002,ارائه دهنده خدمات اینترنت,2700000,27200,Verified,Verified,,PSP-03,BANK-17,CARD-68578,Manual,176,155,2026-01-05 23:55:25,2026-01-05 23:55:26,2026-01-05 23:56:06,2026-01-05 23:56:06,2026-01-06 00:25:25
798553,1,T261,M210,48160002,ارائه دهنده خدمات اینترنت,1000000,13600,Verified,Verified,,PSP-03,BANK-13,CARD-278123,Manual,195,239,2026-01-06 00:15:53,2026-01-06 00:15:54,2026-01-06 00:16:30,2026-01-06 00:16:30,2026-01-06 00:45:53
1836510,1,T261,M210,48160002,ارائه دهنده خدمات اینترنت,1000000,13600,Verified,Verified,,PSP-03,BANK-23,CARD-349360,Manual,152,153,2026-01-06 00:24:40,2026-01-06 00:24:41,2026-01-06 00:25:10,2026-01-06 00:25:09,2026-01-06 00:54:40
1155806,1,T261,M210,48160002,ارائه دهنده خدمات اینترنت,1000000,13600,Verified,Verified,,PSP-03,BANK-29,CARD-16257,Manual,109,74,2026-01-06 00:29:34,2026-01-06 00:29:35,2026-01-06 00:30:16,2026-01-06 00:30:16,2026-01-06 00:59:34
1358190,1,T261,M210,48160002,ارائه دهنده خدمات اینترنت,1000000,13600,Verified,Verified,,PSP-03,BANK-24,CARD-104731,Manual,282,89,2026-01-06 01:12:38,2026-01-06 01:12:40,2026-01-06 01:13:41,2026-01-06 01:13:41,2026-01-06 01:42:39
1318017,1,T261,M210,48160002,ارائه دهنده خدمات اینترنت,5000000,45600,Failed,Failed,,PSP-03,,,Manual,82,,2026-01-06 01:21:33,2026-01-06 01:21:35,,,2026-01-06 01:51:33
175756,1,T261,M210,48160002,ارائه دهنده خدمات اینترنت,5000000,45600,Verified,Verified,,PSP-03,BANK-13,CARD-230734,Manual,84,223,2026-01-06 01:22:49,2026-01-06 01:22:49,2026-01-06 01:23:29,2026-01-06 01:23:29,2026-01-06 01:52:49
437079,1,T261,M210,48160002,ارائه دهنده خدمات اینترنت,3700000,35200,Verified,Verified,,PSP-03,BANK-13,CARD-230734,Manual,179,198,2026-01-06 01:48:37,2026-01-06 01:48:38,2026-01-06 01:49:11,2026-01-06 01:49:11,2026-01-06 02:18:37
1016711,1,T261,M210,48160002,ارائه دهنده خدمات اینترنت,1000000,13600,Verified,Verified,,PSP-03,BANK-18,CARD-57994,Manual,86,64,2026-01-06 02:08:09,2026-01-06 02:08:11,2026-01-06 02:08:38,2026-01-06 02:08:38,2026-01-06 02:38:09
170759,1,T261,M210,48160002,ارائه دهنده خدمات اینترنت,1000000,13600,Verified,Verified,,PSP-03,BANK-13,CARD-199913,Manual,105,72,2026-01-06 03:02:45,2026-01-06 03:02:46,2026-01-06 03:03:41,2026-01-06 03:03:41,2026-01-06 03:32:45
122319,1,T261,M210,48160002,ارائه دهنده خدمات اینترنت,670000,10960,Verified,Verified,,PSP-03,BANK-14,CARD-99478,Manual,221,100,2026-01-06 09:22:36,2026-01-06 09:22:37,2026-01-06 09:24:07,2026-01-06 09:24:07,2026-01-06 09:52:36
1550149,1,T261,M210,48160002,ارائه دهنده خدمات اینترنت,1000000,13600,Verified,Verified,,PSP-03,BANK-30,CARD-72285,Manual,79,80,2026-01-06 09:32:43,2026-01-06 09:32:44,2026-01-06 09:34:01,2026-01-06 09:34:01,2026-01-06 10:02:43
1297696,1,T261,M210,48160002,ارائه دهنده خدمات اینترنت,1320000,16160,Verified,Verified,,PSP-03,BANK-31,CARD-114622,Manual,88,109,2026-01-06 10:09:25,2026-01-06 10:09:27,2026-01-06 10:10:17,2026-01-06 10:10:17,2026-01-06 10:39:26
1681870,1,T261,M210,48160002,ارائه دهنده خدمات اینترنت,1000000,13600,Verified,Verified,,PSP-03,BANK-14,CARD-280133,Manual,94,192,2026-01-06 10:14:07,2026-01-06 10:14:08,2026-01-06 10:14:56,2026-01-06 10:14:55,2026-01-06 10:44:06
1004491,1,T261,M210,48160002,ارائه دهنده خدمات اینترنت,340000,8320,Verified,Verified,,PSP-03,BANK-17,CARD-343982,Manual,86,212,2026-01-06 10:16:38,2026-01-06 10:16:41,2026-01-06 10:17:36,2026-01-06 10:17:35,2026-01-06 10:46:39
1834363,1,T261,M210,48160002,ارائه دهنده خدمات اینترنت,2000000,21600,Verified,Verified,,PSP-03,BANK-18,CARD-300601,Manual,100,147,2026-01-06 10:17:50,2026-01-06 10:17:52,2026-01-06 10:18:27,2026-01-06 10:18:27,2026-01-06 10:47:49
774206,1,T261,M210,48160002,ارائه دهنده خدمات اینترنت,2700000,27200,Failed,InBank,,PSP-03,,,Manual,158,,2026-01-06 10:28:43,2026-01-06 10:28:44,,,2026-01-06 10:58:43
1422256,1,T261,M210,48160002,ارائه دهنده خدمات اینترنت,2700000,27200,Failed,InBank,,PSP-03,,,Manual,101,,2026-01-06 10:29:12,2026-01-06 10:29:13,,,2026-01-06 10:59:12
1909875,1,T261,M210,48160002,ارائه دهنده خدمات اینترنت,2700000,27200,Verified,Verified,,PSP-03,BANK-24,CARD-281756,Manual,166,69,2026-01-06 10:29:40,2026-01-06 10:29:41,2026-01-06 10:30:46,2026-01-06 10:30:46,2026-01-06 10:59:40
1551417,1,T261,M210,48160002,ارائه دهنده خدمات اینترنت,1000000,13600,Verified,Verified,,PSP-03,BANK-14,CARD-280133,Manual,80,88,2026-01-06 10:32:22,2026-01-06 10:32:24,2026-01-06 10:32:53,2026-01-06 10:32:53,2026-01-06 11:02:22
639852,1,T261,M210,48160002,ارائه دهنده خدمات اینترنت,1000000,13600,Verified,Verified,,PSP-03,BANK-31,CARD-67424,Manual,76,185,2026-01-06 10:48:06,2026-01-06 10:48:06,2026-01-06 10:48:46,2026-01-06 10:48:46,2026-01-06 11:18:06
776922,1,T261,M210,48160002,ارائه دهنده خدمات اینترنت,1000000,13600,Failed,InBank,,PSP-03,,,Manual,96,,2026-01-06 10:50:01,2026-01-06 10:50:04,,,2026-01-06 11:20:02
1941228,1,T261,M210,48160002,ارائه دهنده خدمات اینترنت,1000000,13600,Verified,Verified,,PSP-03,BANK-12,CARD-353478,Manual,82,80,2026-01-06 11:34:30,2026-01-06 11:34:31,2026-01-06 11:35:40,2026-01-06 11:35:40,2026-01-06 12:04:30
266248,1,T261,M210,48160002,ارائه دهنده خدمات اینترنت,670000,10960,Verified,Verified,,PSP-03,BANK-27,CARD-389866,Manual,103,115,2026-01-06 11:43:20,2026-01-06 11:43:21,2026-01-06 11:45:14,2026-01-06 11:45:14,2026-01-06 12:13:20
7284,1,T261,M210,48160002,ارائه دهنده خدمات اینترنت,500000,9600,Verified,Verified,,PSP-03,BANK-18,CARD-153805,Manual,147,186,2026-01-06 11:44:59,2026-01-06 11:45:01,2026-01-06 11:46:34,2026-01-06 11:46:34,2026-01-06 12:14:59
1466200,1,T261,M210,48160002,ارائه دهنده خدمات اینترنت,1000000,13600,Verified,Verified,,PSP-03,BANK-11,CARD-163501,Manual,72,183,2026-01-06 12:09:45,2026-01-06 12:09:46,2026-01-06 12:10:19,2026-01-06 12:10:19,2026-01-06 12:39:45
1551985,1,T261,M210,48160002,ارائه دهنده خدمات اینترنت,2000000,21600,Verified,Verified,,PSP-03,BANK-18,CARD-300601,Manual,273,151,2026-01-06 12:38:39,2026-01-06 12:38:41,2026-01-06 12:39:14,2026-01-06 12:39:14,2026-01-06 13:08:39
109437,1,T261,M210,48160002,ارائه دهنده خدمات اینترنت,5000000,45600,Verified,Verified,,PSP-03,BANK-31,CARD-127925,Manual,198,95,2026-01-06 12:41:27,2026-01-06 12:41:31,2026-01-06 12:43:48,2026-01-06 12:43:48,2026-01-06 13:11:27
1693856,1,T261,M210,48160002,ارائه دهنده خدمات اینترنت,1000000,13600,Verified,Verified,,PSP-03,BANK-14,CARD-233045,Manual,78,108,2026-01-06 12:49:04,2026-01-06 12:49:06,2026-01-06 12:49:49,2026-01-06 12:49:49,2026-01-06 13:19:04
546470,1,T261,M210,48160002,ارائه دهنده خدمات اینترنت,1000000,13600,Verified,Verified,,PSP-03,BANK-31,CARD-214952,Manual,165,154,2026-01-06 13:57:44,2026-01-06 13:57:46,2026-01-06 13:58:42,2026-01-06 13:58:42,2026-01-06 14:27:45
993173,1,T261,M210,48160002,ارائه دهنده خدمات اینترنت,1000000,13600,Failed,InBank,,PSP-03,,,Manual,86,,2026-01-06 14:31:10,2026-01-06 14:31:11,,,2026-01-06 15:01:10
548968,1,T261,M210,48160002,ارائه دهنده خدمات اینترنت,4700000,43200,Verified,Verified,,PSP-03,BANK-13,CARD-230734,Manual,243,112,2026-01-06 15:06:00,2026-01-06 15:06:03,2026-01-06 15:06:41,2026-01-06 15:06:41,2026-01-06 15:36:00
1324873,1,T261,M210,48160002,ارائه دهنده خدمات اینترنت,1000000,13600,Verified,Verified,,PSP-03,BANK-14,CARD-267350,Manual,94,94,2026-01-06 15:20:25,2026-01-06 15:20:26,2026-01-06 15:21:33,2026-01-06 15:21:33,2026-01-06 15:50:25
285085,1,T261,M210,48160002,ارائه دهنده خدمات اینترنت,1000000,13600,Failed,InBank,,PSP-03,,,Manual,168,,2026-01-06 15:22:38,2026-01-06 15:22:40,,,2026-01-06 15:52:38
884539,1,T261,M210,48160002,ارائه دهنده خدمات اینترنت,1000000,13600,Verified,Verified,,PSP-03,BANK-08,CARD-324262,Manual,85,75,2026-01-06 15:23:52,2026-01-06 15:23:53,2026-01-06 15:25:46,2026-01-06 15:25:46,2026-01-06 15:53:52
1867680,1,T261,M210,48160002,ارائه دهنده خدمات اینترنت,1000000,13600,Verified,Verified,,PSP-03,BANK-27,CARD-350567,Manual,86,141,2026-01-06 16:13:12,2026-01-06 16:13:13,2026-01-06 16:13:54,2026-01-06 16:13:54,2026-01-06 16:43:12
1148045,1,T261,M210,48160002,ارائه دهنده خدمات اینترنت,1000000,13600,Verified,Verified,,PSP-03,BANK-27,CARD-350567,Manual,74,78,2026-01-06 16:14:03,2026-01-06 16:14:04,2026-01-06 16:14:54,2026-01-06 16:14:54,2026-01-06 16:44:03
341458,1,T261,M210,48160002,ارائه دهنده خدمات اینترنت,1320000,16160,Verified,Verified,,PSP-03,BANK-14,CARD-192282,Manual,195,79,2026-01-06 16:27:51,2026-01-06 16:27:53,2026-01-06 16:28:49,2026-01-06 16:28:49,2026-01-06 16:57:51
314905,1,T261,M210,48160002,ارائه دهنده خدمات اینترنت,1000000,13600,Verified,Verified,,PSP-03,BANK-08,CARD-82176,Manual,103,77,2026-01-06 17:15:40,2026-01-06 17:15:41,2026-01-06 17:17:19,2026-01-06 17:17:19,2026-01-06 17:45:40
1106773,1,T261,M210,48160002,ارائه دهنده خدمات اینترنت,1000000,13600,Verified,Verified,,PSP-03,BANK-18,CARD-22439,Manual,190,102,2026-01-06 17:44:26,2026-01-06 17:44:27,2026-01-06 17:45:17,2026-01-06 17:45:17,2026-01-06 18:14:26
853522,1,T261,M210,48160002,ارائه دهنده خدمات اینترنت,1000000,13600,Verified,Verified,,PSP-03,BANK-14,CARD-280133,Manual,79,103,2026-01-06 17:45:54,2026-01-06 17:45:55,2026-01-06 17:46:19,2026-01-06 17:46:19,2026-01-06 18:15:54
245555,1,T261,M210,48160002,ارائه دهنده خدمات اینترنت,1000000,13600,Verified,Verified,,PSP-03,BANK-31,CARD-327534,Manual,199,94,2026-01-06 18:31:14,2026-01-06 18:31:15,2026-01-06 18:32:47,2026-01-06 18:32:47,2026-01-06 19:01:14
142830,1,T261,M210,48160002,ارائه دهنده خدمات اینترنت,2000000,21600,Verified,Verified,,PSP-03,BANK-18,CARD-300601,Manual,82,225,2026-01-06 18:56:15,2026-01-06 18:56:17,2026-01-06 18:57:03,2026-01-06 18:57:03,2026-01-06 19:26:15
500224,1,T261,M210,48160002,ارائه دهنده خدمات اینترنت,1900000,20800,Verified,Verified,,PSP-03,BANK-27,CARD-191274,Manual,111,159,2026-01-06 19:07:34,2026-01-06 19:07:35,2026-01-06 19:08:51,2026-01-06 19:08:51,2026-01-06 19:37:33
757520,0,T261,M210,48160002,ارائه دهنده خدمات اینترنت,1000000,13600,Failed,NoAttempt,,,,,Manual,,,2026-01-06 19:25:28,,,,2026-01-06 19:55:28
871292,1,T261,M210,48160002,ارائه دهنده خدمات اینترنت,1000000,13600,Verified,Verified,,PSP-03,BANK-14,CARD-230055,Manual,110,220,2026-01-06 19:25:30,2026-01-06 19:25:30,2026-01-06 19:26:20,2026-01-06 19:26:20,2026-01-06 19:55:31
1388061,0,T261,M210,48160002,ارائه دهنده خدمات اینترنت,1000000,13600,Failed,NoAttempt,,,,,Manual,,,2026-01-06 19:42:24,,,,2026-01-06 20:12:24
421664,1,T261,M210,48160002,ارائه دهنده خدمات اینترنت,1000000,13600,Verified,Verified,,PSP-03,BANK-31,CARD-167625,Manual,212,209,2026-01-06 19:42:28,2026-01-06 19:42:29,2026-01-06 19:43:16,2026-01-06 19:43:16,2026-01-06 20:12:28
732956,1,T261,M210,48160002,ارائه دهنده خدمات اینترنت,1000000,13600,Verified,Verified,,PSP-03,BANK-31,CARD-371479,Manual,97,91,2026-01-06 19:43:06,2026-01-06 19:43:07,2026-01-06 19:44:20,2026-01-06 19:44:20,2026-01-06 20:13:06
1944675,1,T261,M210,48160002,ارائه دهنده خدمات اینترنت,1000000,13600,Verified,Verified,,PSP-03,BANK-29,CARD-212676,Manual,169,72,2026-01-06 19:53:57,2026-01-06 19:53:58,2026-01-06 19:56:29,2026-01-06 19:56:29,2026-01-06 20:23:57
317593,1,T261,M210,48160002,ارائه دهنده خدمات اینترنت,1000000,13600,Verified,Verified,,PSP-03,BANK-22,CARD-246121,Manual,201,100,2026-01-06 20:07:51,2026-01-06 20:07:52,2026-01-06 20:09:18,2026-01-06 20:09:18,2026-01-06 20:37:51
1555020,1,T261,M210,48160002,ارائه دهنده خدمات اینترنت,1000000,13600,Verified,Verified,,PSP-03,BANK-29,CARD-164422,Manual,215,244,2026-01-06 21:04:32,2026-01-06 21:04:33,2026-01-06 21:06:24,2026-01-06 21:06:23,2026-01-06 21:34:32
1515130,1,T261,M210,48160002,ارائه دهنده خدمات اینترنت,1000000,13600,Verified,Verified,,PSP-03,BANK-14,CARD-280133,Manual,192,221,2026-01-06 21:06:30,2026-01-06 21:06:31,2026-01-06 21:06:59,2026-01-06 21:06:59,2026-01-06 21:36:30
1176619,1,T261,M210,48160002,ارائه دهنده خدمات اینترنت,170000,6960,Verified,Verified,,PSP-03,BANK-18,CARD-305957,Manual,199,66,2026-01-06 21:07:55,2026-01-06 21:07:57,2026-01-06 21:08:31,2026-01-06 21:08:31,2026-01-06 21:37:55
1323621,0,T261,M210,48160002,ارائه دهنده خدمات اینترنت,1000000,13600,Failed,NoAttempt,,,,,Manual,,,2026-01-06 21:21:29,,,,2026-01-06 21:51:29
1574722,1,T261,M210,48160002,ارائه دهنده خدمات اینترنت,1000000,13600,Verified,Verified,,PSP-03,BANK-25,CARD-222872,Manual,90,108,2026-01-06 21:21:54,2026-01-06 21:21:55,2026-01-06 21:23:00,2026-01-06 21:23:00,2026-01-06 21:51:54
1168791,1,T261,M210,48160002,ارائه دهنده خدمات اینترنت,1000000,13600,Verified,Verified,,PSP-03,BANK-14,CARD-14336,Manual,174,178,2026-01-06 21:32:36,2026-01-06 21:32:37,2026-01-06 21:33:17,2026-01-06 21:33:17,2026-01-06 22:02:36
715826,1,T261,M210,48160002,ارائه دهنده خدمات اینترنت,1000000,13600,Failed,InBank,PSP-03:59,PSP-03,,,Manual,89,,2026-01-06 21:34:33,2026-01-06 21:34:35,,,2026-01-06 22:04:33
1153542,0,T261,M210,48160002,ارائه دهنده خدمات اینترنت,1000000,13600,Failed,NoAttempt,,,,,Manual,,,2026-01-06 21:34:41,,,,2026-01-06 22:04:41
1718401,1,T261,M210,48160002,ارائه دهنده خدمات اینترنت,1000000,13600,Verified,Verified,,PSP-03,BANK-29,CARD-40287,Manual,68,130,2026-01-06 21:37:28,2026-01-06 21:37:30,2026-01-06 21:39:06,2026-01-06 21:39:06,2026-01-06 22:07:28
262183,1,T261,M210,48160002,ارائه دهنده خدمات اینترنت,1000000,13600,Verified,Verified,,PSP-03,BANK-27,CARD-314450,Manual,79,100,2026-01-06 22:03:22,2026-01-06 22:03:24,2026-01-06 22:04:08,2026-01-06 22:04:08,2026-01-06 22:33:23
212269,1,T261,M210,48160002,ارائه دهنده خدمات اینترنت,1000000,13600,Verified,Verified,,PSP-03,BANK-31,CARD-140557,Manual,187,80,2026-01-06 22:03:27,2026-01-06 22:03:28,2026-01-06 22:04:02,2026-01-06 22:04:02,2026-01-06 22:33:27
420144,1,T261,M210,48160002,ارائه دهنده خدمات اینترنت,1000000,13600,Verified,Verified,,PSP-03,BANK-18,CARD-331281,Manual,155,84,2026-01-06 22:14:44,2026-01-06 22:14:45,2026-01-06 22:16:04,2026-01-06 22:16:03,2026-01-06 22:44:44
1520713,1,T261,M210,48160002,ارائه دهنده خدمات اینترنت,1000000,13600,Verified,Verified,,PSP-03,BANK-31,CARD-386621,Manual,211,87,2026-01-06 22:25:00,2026-01-06 22:25:01,2026-01-06 22:25:57,2026-01-06 22:25:57,2026-01-06 22:55:00
1464056,1,T261,M210,48160002,ارائه دهنده خدمات اینترنت,1000000,13600,Verified,Verified,,PSP-03,BANK-18,CARD-52339,Manual,136,211,2026-01-06 22:48:26,2026-01-06 22:48:27,2026-01-06 22:49:15,2026-01-06 22:49:15,2026-01-06 23:18:26
321590,1,T261,M210,48160002,ارائه دهنده خدمات اینترنت,1000000,13600,Verified,Verified,,PSP-03,BANK-14,CARD-280133,Manual,127,97,2026-01-06 23:16:43,2026-01-06 23:16:45,2026-01-06 23:17:18,2026-01-06 23:17:18,2026-01-06 23:46:43
1166297,1,T261,M210,48160002,ارائه دهنده خدمات اینترنت,1000000,13600,Verified,Verified,,PSP-03,BANK-23,CARD-182818,Manual,82,179,2026-01-06 23:18:19,2026-01-06 23:18:20,2026-01-06 23:18:57,2026-01-06 23:18:57,2026-01-06 23:48:19
2062533,1,T261,M210,48160002,ارائه دهنده خدمات اینترنت,1000000,13600,Verified,Verified,,PSP-03,BANK-15,CARD-98578,Manual,155,171,2026-01-07 00:13:39,2026-01-07 00:13:40,2026-01-07 00:14:20,2026-01-07 00:14:20,2026-01-07 00:43:39
841107,1,T261,M210,48160002,ارائه دهنده خدمات اینترنت,1000000,13600,Verified,Verified,,PSP-03,BANK-16,CARD-181228,Manual,114,117,2026-01-07 00:26:12,2026-01-07 00:26:13,2026-01-07 00:27:28,2026-01-07 00:27:28,2026-01-07 00:56:12
10328,1,T261,M210,48160002,ارائه دهنده خدمات اینترنت,340000,8320,Failed,InBank,,PSP-03,,,Manual,78,,2026-01-07 00:31:38,2026-01-07 00:31:40,,,2026-01-07 01:01:39
762068,1,T261,M210,48160002,ارائه دهنده خدمات اینترنت,170000,6960,Verified,Verified,,PSP-03,BANK-25,CARD-362834,Manual,88,181,2026-01-07 00:31:47,2026-01-07 00:31:48,2026-01-07 00:32:47,2026-01-07 00:32:47,2026-01-07 01:01:47
996318,1,T261,M210,48160002,ارائه دهنده خدمات اینترنت,170000,6960,Verified,Verified,,PSP-03,BANK-18,CARD-251721,Manual,128,77,2026-01-07 00:37:51,2026-01-07 00:37:52,2026-01-07 00:38:47,2026-01-07 00:38:47,2026-01-07 01:07:51
1220939,1,T261,M210,48160002,ارائه دهنده خدمات اینترنت,1000000,13600,Failed,InBank,,PSP-03,,,Manual,153,,2026-01-07 02:16:11,2026-01-07 02:16:13,,,2026-01-07 02:46:11
430182,1,T261,M210,48160002,ارائه دهنده خدمات اینترنت,500000,9600,Verified,Verified,,PSP-03,BANK-29,CARD-28602,Manual,100,170,2026-01-07 02:16:45,2026-01-07 02:16:47,2026-01-07 02:18:42,2026-01-07 02:18:42,2026-01-07 02:46:45
258296,1,T261,M210,48160002,ارائه دهنده خدمات اینترنت,1000000,13600,Failed,InBank,,PSP-03,,,Manual,303,,2026-01-07 02:21:12,2026-01-07 02:21:13,,,2026-01-07 02:51:12
433710,1,T261,M210,48160002,ارائه دهنده خدمات اینترنت,1000000,13600,Verified,Verified,,PSP-03,BANK-14,CARD-36084,Manual,77,86,2026-01-07 02:21:34,2026-01-07 02:21:35,2026-01-07 02:22:03,2026-01-07 02:22:03,2026-01-07 02:51:34
1174878,1,T261,M210,48160002,ارائه دهنده خدمات اینترنت,500000,9600,Failed,InBank,,PSP-03,,,Manual,160,,2026-01-07 02:58:45,2026-01-07 02:58:48,,,2026-01-07 03:28:45
672872,1,T261,M210,48160002,ارائه دهنده خدمات اینترنت,500000,9600,Verified,Verified,,PSP-03,BANK-18,CARD-23683,Manual,90,157,2026-01-07 02:59:58,2026-01-07 02:59:59,2026-01-07 03:00:42,2026-01-07 03:00:42,2026-01-07 03:29:58
1078793,1,T261,M210,48160002,ارائه دهنده خدمات اینترنت,1000000,13600,Verified,Verified,,PSP-03,BANK-27,CARD-343149,Manual,146,149,2026-01-07 06:00:12,2026-01-07 06:00:41,2026-01-07 06:02:59,2026-01-07 06:02:59,2026-01-07 06:30:12
609289,1,T261,M210,48160002,ارائه دهنده خدمات اینترنت,1000000,13600,Verified,Verified,,PSP-03,BANK-18,CARD-341159,Manual,112,104,2026-01-07 06:51:25,2026-01-07 06:51:26,2026-01-07 06:52:23,2026-01-07 06:52:23,2026-01-07 07:21:25
862872,1,T261,M210,48160002,ارائه دهنده خدمات اینترنت,1000000,13600,Failed,InBank,,PSP-03,,,Manual,176,,2026-01-07 07:12:11,2026-01-07 07:12:12,,,2026-01-07 07:42:11
1400986,1,T261,M210,48160002,ارائه دهنده خدمات اینترنت,1000000,13600,Verified,Verified,,PSP-03,BANK-18,CARD-181549,Manual,184,161,2026-01-07 07:12:22,2026-01-07 07:12:24,2026-01-07 07:13:52,2026-01-07 07:13:52,2026-01-07 07:42:22
885584,1,T261,M210,48160002,ارائه دهنده خدمات اینترنت,1000000,13600,Verified,Verified,,PSP-03,BANK-11,CARD-163501,Manual,76,102,2026-01-07 07:29:24,2026-01-07 07:29:25,2026-01-07 07:30:00,2026-01-07 07:30:00,2026-01-07 07:59:24
814841,1,T261,M210,48160002,ارائه دهنده خدمات اینترنت,1900000,20800,Verified,Verified,,PSP-03,BANK-06,CARD-216062,Manual,155,231,2026-01-07 07:34:01,2026-01-07 07:34:03,2026-01-07 07:38:49,2026-01-07 07:38:49,2026-01-07 08:04:02
1801171,1,T261,M210,48160002,ارائه دهنده خدمات اینترنت,1000000,13600,Verified,Verified,,PSP-03,BANK-24,CARD-227710,Manual,89,173,2026-01-07 07:36:42,2026-01-07 07:36:44,2026-01-07 07:39:49,2026-01-07 07:39:49,2026-01-07 08:06:42
1360971,1,T261,M210,48160002,ارائه دهنده خدمات اینترنت,670000,10960,Verified,Verified,,PSP-03,BANK-26,CARD-91142,Manual,76,77,2026-01-07 08:17:40,2026-01-07 08:17:41,2026-01-07 08:23:06,2026-01-07 08:23:06,2026-01-07 08:47:40
1963099,1,T261,M210,48160002,ارائه دهنده خدمات اینترنت,1000000,13600,Failed,InBank,,PSP-03,,,Manual,155,,2026-01-07 09:40:26,2026-01-07 09:40:27,,,2026-01-07 10:10:26
202334,1,T261,M210,48160002,ارائه دهنده خدمات اینترنت,1000000,13600,Verified,Verified,,PSP-03,BANK-14,CARD-257166,Manual,99,122,2026-01-07 09:49:27,2026-01-07 09:49:30,2026-01-07 09:50:05,2026-01-07 09:50:05,2026-01-07 10:19:27
1531554,1,T261,M210,48160002,ارائه دهنده خدمات اینترنت,1000000,13600,Failed,InBank,,PSP-03,,,Manual,82,,2026-01-07 10:13:40,2026-01-07 10:13:41,,,2026-01-07 10:43:40
389987,1,T261,M210,48160002,ارائه دهنده خدمات اینترنت,1000000,13600,Verified,Verified,,PSP-03,BANK-25,CARD-177098,Manual,168,68,2026-01-07 10:52:32,2026-01-07 10:52:34,2026-01-07 10:53:20,2026-01-07 10:53:20,2026-01-07 11:22:32
758227,1,T261,M210,48160002,ارائه دهنده خدمات اینترنت,1000000,13600,Verified,Verified,,PSP-03,BANK-23,CARD-182818,Manual,214,116,2026-01-07 11:15:47,2026-01-07 11:15:49,2026-01-07 11:16:27,2026-01-07 11:16:26,2026-01-07 11:45:47
1100918,0,T261,M210,48160002,ارائه دهنده خدمات اینترنت,340000,8320,Failed,NoAttempt,,,,,Manual,,,2026-01-07 12:07:23,,,,2026-01-07 12:37:22
1554794,1,T261,M210,48160002,ارائه دهنده خدمات اینترنت,340000,8320,Verified,Verified,,PSP-03,BANK-25,CARD-354253,Manual,77,106,2026-01-07 12:07:31,2026-01-07 12:07:32,2026-01-07 12:08:22,2026-01-07 12:08:22,2026-01-07 12:37:30
1554050,0,T261,M210,48160002,ارائه دهنده خدمات اینترنت,9600000,82400,Failed,NoAttempt,,,,,Manual,,,2026-01-07 12:28:49,,,,2026-01-07 12:58:49
1161215,1,T261,M210,48160002,ارائه دهنده خدمات اینترنت,9600000,82400,Failed,InBank,PSP-03:59,PSP-03,,,Manual,162,,2026-01-07 12:28:59,2026-01-07 12:29:01,,,2026-01-07 12:58:59
1323398,1,T261,M210,48160002,ارائه دهنده خدمات اینترنت,9600000,82400,Failed,InBank,,PSP-03,,,Manual,81,,2026-01-07 12:32:11,2026-01-07 12:32:13,,,2026-01-07 13:02:11
110639,1,T261,M210,48160002,ارائه دهنده خدمات اینترنت,9600000,82400,Failed,InBank,,PSP-03,,,Manual,80,,2026-01-07 12:32:44,2026-01-07 12:32:47,,,2026-01-07 13:02:44
2042868,0,T261,M210,48160002,ارائه دهنده خدمات اینترنت,9600000,82400,Failed,NoAttempt,,,,,Manual,,,2026-01-07 12:32:48,,,,2026-01-07 13:02:47
1164882,1,T261,M210,48160002,ارائه دهنده خدمات اینترنت,9600000,82400,Failed,InBank,,PSP-03,,,Manual,226,,2026-01-07 12:36:36,2026-01-07 12:36:38,,,2026-01-07 13:06:36
1315264,1,T196,M43,56610001,کیف و کفش فروشی,2897900,28782,Failed,InBank,,PSP-03,,,Automated,186,,2026-01-01 01:46:46,2026-01-01 01:46:47,,,2026-01-01 02:16:46
648461,1,T196,M43,56610001,کیف و کفش فروشی,2897900,28782,Verified,Verified,,PSP-03,BANK-14,CARD-397641,Automated,154,96,2026-01-01 01:47:08,2026-01-01 01:47:09,2026-01-01 01:48:42,2026-01-01 01:48:41,2026-01-01 02:17:08
1026033,1,T196,M43,56610001,کیف و کفش فروشی,2013500,21707,Verified,Verified,,PSP-03,BANK-18,CARD-386583,Automated,207,141,2026-01-01 01:52:25,2026-01-01 01:52:27,2026-01-01 01:54:54,2026-01-01 01:54:52,2026-01-01 02:22:25
2044668,1,T196,M43,56610001,کیف و کفش فروشی,767300,11738,Verified,Verified,,PSP-03,BANK-14,CARD-378593,Automated,178,117,2026-01-01 02:07:47,2026-01-01 02:07:50,2026-01-01 02:09:07,2026-01-01 02:09:06,2026-01-01 02:37:47
914479,1,T196,M43,56610001,کیف و کفش فروشی,1330100,16240,Verified,Verified,,PSP-03,BANK-13,CARD-123336,Automated,187,160,2026-01-01 02:11:29,2026-01-01 02:11:30,2026-01-01 02:12:05,2026-01-01 02:12:04,2026-01-01 02:41:29
828902,1,T196,M43,56610001,کیف و کفش فروشی,767300,11738,Verified,Verified,,PSP-03,BANK-18,CARD-56959,Automated,259,169,2026-01-01 02:31:58,2026-01-01 02:31:59,2026-01-01 02:32:34,2026-01-01 02:32:33,2026-01-01 03:01:58
1432233,1,T196,M43,56610001,کیف و کفش فروشی,767300,11738,Verified,Verified,,PSP-03,BANK-08,CARD-323446,Automated,87,116,2026-01-01 02:47:06,2026-01-01 02:47:07,2026-01-01 02:48:18,2026-01-01 02:48:17,2026-01-01 03:17:06
490965,1,T196,M43,56610001,کیف و کفش فروشی,506000,9648,Verified,Verified,,PSP-03,BANK-23,CARD-41893,Automated,100,117,2026-01-01 03:16:40,2026-01-01 03:16:44,2026-01-01 03:19:15,2026-01-01 03:19:13,2026-01-01 03:46:40
1661381,1,T196,M43,56610001,کیف و کفش فروشی,2144150,22752,Verified,Verified,,PSP-03,BANK-18,CARD-305204,Automated,116,97,2026-01-01 03:44:51,2026-01-01 03:44:52,2026-01-01 03:45:24,2026-01-01 03:45:22,2026-01-01 04:14:51
305203,1,T196,M43,56610001,کیف و کفش فروشی,767300,11738,Verified,Verified,,PSP-03,BANK-14,CARD-164383,Automated,170,108,2026-01-01 04:00:21,2026-01-01 04:00:22,2026-01-01 04:01:02,2026-01-01 04:01:00,2026-01-01 04:30:21
